CIA - The World Factbook 2002 -- Field Listing - Ports and harbors

| Country | Ports and harbors |
| --- | --- |
| **Afghanistan** | Kheyrabad, Shir Khan |
| **Albania** | Durres, Sarande, Shengjin, Vlore |
| **Algeria** | Algiers, Annaba, Arzew, Bejaia, Beni Saf, Dellys, Djendjene, Ghazaouet, Jijel, Mostaganem, Oran, Skikda, Tenes |
| **American Samoa** | Aunu'u (new construction), Auasi, Faleosao, Ofu, Pago Pago, Ta'u |
| **Andorra** | none |
| **Angola** | Ambriz, Cabinda, Lobito, Luanda, Malongo, Mocamedes, Namibe, Porto Amboim, Soyo |
| **Anguilla** | Blowing Point, Road Bay |
| **Antarctica** | there are no developed ports and harbors in Antarctica; most coastal stations have offshore anchorages, and supplies are transferred from ship to shore by small boats, barges, and helicopters; a few stations have a basic wharf facility; US coastal stations include McMurdo (77 51 S, 166 40 E), Palmer (64 43 S, 64 03 W); government use only except by permit (see Permit Office under "Legal System"); all ships at port are subject to inspection in accordance with Article 7, Antarctic Treaty; offshore anchorage is sparse and intermittent |
| **Antigua and Barbuda** | Saint John's |
| **Arctic Ocean** | Churchill (Canada), Murmansk (Russia), Prudhoe Bay (US) |
| **Argentina** | Bahia Blanca, Buenos Aires, Comodoro Rivadavia, Concepcion del Uruguay, La Plata, Mar del Plata, Necochea, Rio Gallegos, Rosario, Santa Fe, Ushuaia |
| **Armenia** | none |
| **Aruba** | Barcadera, Oranjestad, Sint Nicolaas |
| **Ashmore and Cartier Islands** | none; offshore anchorage only |
| **Atlantic Ocean** | Alexandria (Egypt), Algiers (Algeria), Antwerp (Belgium), Barcelona (Spain), Buenos Aires (Argentina), Casablanca (Morocco), Colon (Panama), Copenhagen (Denmark), Dakar (Senegal), Gdansk (Poland), Hamburg (Germany), Helsinki (Finland), Las Palmas (Canary Islands, Spain), Le Havre (France), Lisbon (Portugal), London (UK), Marseille (France), Montevideo (Uruguay), Montreal (Canada), Naples (Italy), New Orleans (US), New York (US), Oran (Algeria), Oslo (Norway), Peiraiefs or Piraeus (Greece), Rio de Janeiro (Brazil), Rotterdam (Netherlands), Saint Petersburg (Russia), Stockholm (Sweden) |
| **Australia** | Adelaide, Brisbane, Cairns, Darwin, Devonport (Tasmania), Fremantle, Geelong, Hobart (Tasmania), Launceston (Tasmania), Mackay, Melbourne, Sydney, Townsville |
| **Austria** | Enns, Krems, Linz, Vienna |
| **Azerbaijan** | Baku (Baki) |
| **Bahamas, The** | Freeport, Matthew Town, Nassau |
| **Bahrain** | Manama, Mina' Salman, Sitrah |
| **Baker Island** | none; offshore anchorage only; note - there is one small boat landing area along the middle of the west coast |
| **Bangladesh** | Chittagong, Dhaka, Mongla Port, Narayanganj (2001) |
| **Barbados** | Bridgetown, Speightstown (Port Charles Marina) |
| **Bassas da India** | none; offshore anchorage only |
| **Belarus** | Mazyr |
| **Belgium** | Antwerp (one of the world's busiest ports), Brugge, Gent, Hasselt, Liege, Mons, Namur, Oostende, Zeebrugge |
| **Belize** | Belize City, Big Creek, Corozol, Punta Gorda |
| **Benin** | Cotonou, Porto-Novo |
| **Bermuda** | Hamilton, Saint George's, Dockyard |
| **Bhutan** | none |
| **Bolivia** | Puerto Aguirre (on the Paraguay/Parana waterway, at the Bolivia/Brazil border); also, Bolivia has free port privileges in maritime ports in Argentina, Brazil, Chile, and Paraguay |
| **Bosnia and Herzegovina** | Bosanska Gradiska, Bosanski Brod, Bosanski Samac, and Brcko (all inland waterway ports on the Sava), Orasje |
| **Botswana** | none |
| **Bouvet Island** | none; offshore anchorage only |
| **Brazil** | Belem, Fortaleza, Ilheus, Imbituba, Manaus, Paranagua, Porto Alegre, Recife, Rio de Janeiro, Rio Grande, Salvador, Santos, Vitoria |
| **British Indian Ocean Territory** | Diego Garcia |
| **British Virgin Islands** | Road Town |
| **Brunei** | Bandar Seri Begawan, Kuala Belait, Muara, Seria, Tutong |
| **Bulgaria** | Burgas, Lom, Nesebur, Ruse, Varna, Vidin |
| **Burkina Faso** | none |
| **Burma** | Bassein, Bhamo, Chauk, Mandalay, Moulmein, Myitkyina, Rangoon, Akyab (Sittwe), Tavoy |
| **Burundi** | Bujumbura |
| **Cambodia** | Kampong Saom (Sihanoukville), Kampot, Krong Kaoh Kong, Phnom Penh |
| **Cameroon** | Bonaberi, Douala, Garoua, Kribi, Tiko |
| **Canada** | Becancour (Quebec), Churchill, Halifax, Hamilton, Montreal, New Westminster, Prince Rupert, Quebec, Saint John (New Brunswick), St. John's (Newfoundland), Sept Isles, Sydney, Trois-Rivieres, Thunder Bay, Toronto, Vancouver, Windsor |
| **Cape Verde** | Mindelo, Praia, Tarrafal |
| **Cayman Islands** | Cayman Brac, George Town |
| **Central African Republic** | Bangui, Nola, Salo, Nzinga |
| **Chad** | none |
| **Chile** | Antofagasta, Arica, Chanaral, Coquimbo, Iquique, Puerto Montt, Punta Arenas, San Antonio, San Vicente, Talcahuano, Valparaiso |
| **China** | Dalian, Fuzhou, Guangzhou, Haikou, Huangpu, Lianyungang, Nanjing, Nantong, Ningbo, Qingdao, Qinhuangdao, Shanghai, Shantou, Shenzhen, Tianjin, Wenzhou, Xiamen, Xingang, Yantai, Zhanjiang (2001) |
| **Christmas Island** | Flying Fish Cove |
| **Clipperton Island** | none; offshore anchorage only |
| **Cocos (Keeling) Islands** | none; lagoon anchorage only |
| **Colombia** | Bahia de Portete, Barranquilla, Buenaventura, Cartagena, Leticia, Puerto Bolivar, San Andres, Santa Marta, Tumaco, Turbo |
| **Comoros** | Fomboni, Moroni, Moutsamoudou |
| **Congo, Democratic Republic of the** | Banana, Boma, Bukavu, Bumba, Goma, Kalemie, Kindu, Kinshasa, Kisangani, Matadi, Mbandaka |
| **Congo, Republic of the** | Brazzaville, Impfondo, Ouesso, Oyo, Pointe-Noire |
| **Cook Islands** | Avarua, Avatiu |
| **Coral Sea Islands** | none; offshore anchorage only |
| **Costa Rica** | Caldera, Golfito, Moin, Puerto Limon, Puerto Quepos, Puntarenas |
| **Cote d'Ivoire** | Abidjan, Aboisso, Dabou, San-Pedro |
| **Croatia** | Dubrovnik, Dugi Rat, Omisalj, Ploce, Pula, Rijeka, Sibenik, Split, Vukovar (inland waterway port on Danube), Zadar |
| **Cuba** | Cienfuegos, Havana, Manzanillo, Mariel, Matanzas, Nuevitas, Santiago de Cuba |
| **Cyprus** | Famagusta, Kyrenia, Larnaca, Limassol, Paphos, Vasilikos |
| **Czech Republic** | Decin, Prague, Usti nad Labem |
| **Denmark** | Abenra, Alborg, Arhus, Copenhagen, Esbjerg, Fredericia, Frederikshavn, Hirtshals, Kolding, Odense, Roenne (Bornholm), Vejle |
| **Djibouti** | Djibouti |
| **Dominica** | Portsmouth, Roseau |
| **Dominican Republic** | Barahona, La Romana, Manzanillo, Puerto Plata, San Pedro de Macoris, Santo Domingo |
| **East Timor** | NA |
| **Ecuador** | Esmeraldas, Guayaquil, La Libertad, Manta, Puerto Bolivar, San Lorenzo |
| **Egypt** | Alexandria, Al Ghardaqah, Aswan, Asyut, Bur Safajah, Damietta, Marsa Matruh, Port Said, Suez |
| **El Salvador** | Acajutla, Puerto Cutuco, La Libertad, La Union, Puerto El Triunfo |
| **Equatorial Guinea** | Bata, Luba, Malabo |
| **Eritrea** | Assab (Aseb), Massawa (Mits'iwa) |
| **Estonia** | Haapsalu, Kunda, Muuga, Paldiski, Parnu, Tallinn |
| **Ethiopia** | none; Ethiopia is landlocked and was by agreement with Eritrea using the ports of Assab and Massawa; since the border dispute with Eritrea flared, Ethiopia has used the port of Djibouti for nearly all of its imports |
| **Europa Island** | none; offshore anchorage only |
| **Falkland Islands (Islas Malvinas)** | Stanley |
| **Faroe Islands** | Torshavn, Klaksvik, Tvoroyri, Runavik, Fuglafjordhur |
| **Fiji** | Lambasa, Lautoka, Levuka, Malau, Savusavu, Suva, Vuda |
| **Finland** | Hamina, Helsinki, Kokkola, Kotka, Loviisa, Oulu, Pori, Rauma, Turku, Uusikaupunki, Varkaus |
| **France** | Bordeaux, Boulogne, Cherbourg, Dijon, Dunkerque, La Pallice, Le Havre, Lyon, Marseille, Mullhouse, Nantes, Paris, Rouen, Saint Nazaire, Saint Malo, Strasbourg |
| **French Guiana** | Cayenne, Degrad des Cannes, Saint-Laurent du Maroni |
| **French Polynesia** | Mataura, Papeete, Rikitea, Uturoa |
| **French Southern and Antarctic Lands** | none; offshore anchorage only |
| **Gabon** | Cap Lopez, Kango, Lambarene, Libreville, Mayumba, Owendo, Port-Gentil |
| **Gambia, The** | Banjul |
| **Gaza Strip** | Gaza |
| **Georgia** | Bat'umi, P'ot'i, Sokhumi |
| **Germany** | Berlin, Bonn, Brake, Bremen, Bremerhaven, Cologne, Dresden, Duisburg, Emden, Hamburg, Karlsruhe, Kiel, Luebeck, Magdeburg, Mannheim, Rostock, Stuttgart |
| **Ghana** | Takoradi, Tema |
| **Gibraltar** | Gibraltar |
| **Glorioso Islands** | none; offshore anchorage only |
| **Greece** | Alexandroupolis, Elefsis, Irakleion (Crete), Kavala, Kerkyra, Chalkis, Igoumenitsa, Lavrion, Patrai, Peiraiefs (Piraeus), Thessaloniki, Volos |
| **Greenland** | Aasiaat (Egedesminde), Ilulissat (Jakobshavn), Kangerlussuaq, Nanortalik, Narsarsuaq, Nuuk (Godthab), Qaqortoq (Julianehab), Sisimiut (Holsteinsborg), Tasiilaq (March 2001) |
| **Grenada** | Grenville, Saint George's |
| **Guadeloupe** | Basse-Terre, Gustavia (on Saint Barthelemy), Marigot, Pointe-a-Pitre |
| **Guam** | Apra Harbor |
| **Guatemala** | Champerico, Puerto Barrios, Puerto Quetzal, San Jose, Santo Tomas de Castilla |
| **Guernsey** | St. Peter Port, Saint Sampson |
| **Guinea** | Boke, Conakry, Kamsar |
| **Guinea-Bissau** | Bissau, Buba, Cacheu, Farim |
| **Guyana** | Bartica, Georgetown, Linden, New Amsterdam, Parika |
| **Haiti** | Cap-Haitien, Gonaives, Jacmel, Jeremie, Les Cayes, Miragoane, Port-au-Prince, Port-de-Paix, Saint-Marc |
| **Heard Island and McDonald Islands** | none; offshore anchorage only |
| **Holy See (Vatican City)** | none |
| **Honduras** | La Ceiba, Puerto Castilla, Puerto Cortes, San Lorenzo, Tela, Puerto Lempira |
| **Hong Kong** | Hong Kong |
| **Howland Island** | none; offshore anchorage only; note - there is one small boat landing area along the middle of the west coast |
| **Hungary** | Budapest, Dunaujvaros |
| **Iceland** | Akureyri, Hornafjordhur, Isafjordhur, Keflavik, Raufarhofn, Reykjavik, Seydhisfjordhur, Straumsvik, Vesttmannaeyjar |
| **India** | Chennai (Madras), Cochin, Jawaharal Nehru, Kandla, Kolkata (Calcutta), Mumbai (Bombay), Vishakhapatnam |
| **Indian Ocean** | Chennai (Madras; India), Colombo (Sri Lanka), Durban (South Africa), Jakarta (Indonesia), Kolkata (Calcutta; India) Melbourne (Australia), Mumbai (Bombay; India), Richards Bay (South Africa) |
| **Indonesia** | Cilacap, Cirebon, Jakarta, Kupang, Makassar, Palembang, Semarang, Surabaya |
| **Iran** | Abadan (largely destroyed in fighting during 1980-88 war), Ahvaz, Bandar 'Abbas, Bandar-e Anzali, Bushehr, Bandar-e Emam Khomeyni, Bandar-e Lengeh, Bandar-e Mahshahr, Bandar-e Torkaman, Chabahar (Bandar Beheshti), Jazireh-ye Khark, Jazireh-ye Lavan, Jazireh-ye Sirri, Khorramshahr (limited operation since November 1992), Now Shahr |
| **Iraq** | Umm Qasr, Khawr az Zubayr, and Al Basrah have limited functionality |
| **Ireland** | Arklow, Cork, Drogheda, Dublin, Foynes, Galway, Limerick, New Ross, Waterford |
| **Israel** | Ashdod, Ashqelon, Elat (Eilat), Hadera, Haifa, Tel Aviv-Yafo |
| **Italy** | Augusta (Sicily), Bagnoli, Bari, Brindisi, Gela, Genoa, La Spezia, Livorno, Milazzo, Naples, Porto Foxi, Porto Torres (Sardinia), Salerno, Savona, Taranto, Trieste, Venice (2001) |
| **Jamaica** | Alligator Pond, Discovery Bay, Kingston, Montego Bay, Ocho Rios, Port Antonio, Rocky Point, Port Esquivel (Longswharf) |
| **Jan Mayen** | none; offshore anchorage only |
| **Japan** | Akita, Amagasaki, Chiba, Hachinohe, Hakodate, Higashi-Harima, Himeji, Hiroshima, Kawasaki, Kinuura, Kobe, Kushiro, Mizushima, Moji, Nagoya, Osaka, Sakai, Sakaide, Shimizu, Tokyo, Tomakomai |
| **Jarvis Island** | none; offshore anchorage only; note - there is one small boat landing area in the middle of the west coast and another near the southwest corner of the island |
| **Jersey** | Gorey, Saint Aubin, Saint Helier |
| **Johnston Atoll** | Johnston Island |
| **Jordan** | Al 'Aqabah |
| **Juan de Nova Island** | none; offshore anchorage only |
| **Kazakhstan** | Aqtau (Shevchenko), Atyrau (Gur'yev), Oskemen (Ust-Kamenogorsk), Pavlodar, Semey (Semipalatinsk) |
| **Kenya** | Kisumu, Lamu, Mombasa |
| **Kingman Reef** | none; offshore anchorage only |
| **Kiribati** | Banaba, Betio, English Harbour, Kanton |
| **Korea, North** | Ch'ongjin, Haeju, Hungnam (Hamhung), Kimch'aek, Kosong, Najin, Namp'o, Sinuiju, Songnim, Sonbong (formerly Unggi), Ungsang, Wonsan |
| **Korea, South** | Chinhae, Inch'on, Kunsan, Masan, Mokp'o, P'ohang, Pusan, Tonghae-hang, Ulsan, Yosu |
| **Kuwait** | Ash Shu'aybah, Ash Shuwaykh, Kuwait, Mina' 'Abd Allah, Mina' al Ahmadi, Mina' Su'ud |
| **Kyrgyzstan** | Balykchy (Ysyk-Kol or Rybach'ye) |
| **Laos** | none |
| **Latvia** | Liepaja, Riga, Ventspils |
| **Lebanon** | Antilyas, Batroun, Beirut, Chekka, El Mina, Ez Zahrani, Jbail, Jounie, Naqoura, Sidon, Tripoli, Tyre |
| **Lesotho** | none |
| **Liberia** | Buchanan, Greenville, Harper, Monrovia |
| **Libya** | Al Khums, Banghazi, Darnah, Marsa al Burayqah, Misratah, Ra's Lanuf, Tobruk, Tripoli, Zuwarah |
| **Liechtenstein** | none |
| **Lithuania** | Butinge, Kaunas, Klaipeda |
| **Luxembourg** | Mertert |
| **Macau** | Macau |
| **Macedonia, The Former Yugoslav Republic of** | none |
| **Madagascar** | Antsiranana, Antsohimbondrona, Mahajanga, Toamasina, Toliara |
| **Malawi** | Chipoka, Monkey Bay, Nkhata Bay, Nkhotakota, Chilumba |
| **Malaysia** | Bintulu, Kota Kinabalu, Kuantan, Kuching, Kudat, Labuan, Lahad Datu, Lumut, Miri, Pasir Gudang, Penang, Port Dickson, Port Kelang, Sandakan, Sibu, Tanjung Berhala, Tanjung Kidurong, Tawau |
| **Maldives** | Gan, Male |
| **Mali** | Koulikoro |
| **Malta** | Marsaxlokk, Valletta |
| **Man, Isle of** | Castletown, Douglas, Peel, Ramsey |
| **Marshall Islands** | Majuro |
| **Martinique** | Fort-de-France, La Trinite |
| **Mauritania** | Bogue, Kaedi, Nouadhibou, Nouakchott, Rosso |
| **Mauritius** | Port Louis |
| **Mayotte** | Dzaoudzi |
| **Mexico** | Acapulco, Altamira, Coatzacoalcos, Ensenada, Guaymas, La Paz, Lazaro Cardenas, Manzanillo, Mazatlan, Progreso, Salina Cruz, Tampico, Topolobampo, Tuxpan, Veracruz |
| **Micronesia, Federated States of** | Colonia (Yap), Kolonia (Pohnpei), Lele, Moen |
| **Midway Islands** | Sand Island |
| **Moldova** | none |
| **Monaco** | Monaco |
| **Mongolia** | none |
| **Montserrat** | Plymouth (abandoned), Little Bay (anchorages and ferry landing), Carr's Bay |
| **Morocco** | Agadir, El Jadida, Casablanca, El Jorf Lasfar, Kenitra, Mohammedia, Nador, Rabat, Safi, Tangier; also Spanish-controlled Ceuta and Melilla |
| **Mozambique** | Beira, Inhambane, Maputo, Nacala, Pemba, Quelimane |
| **Namibia** | Luderitz, Walvis Bay |
| **Nauru** | Nauru |
| **Navassa Island** | none; offshore anchorage only |
| **Nepal** | none |
| **Netherlands** | Amsterdam, Delfzijl, Dordrecht, Eemshaven, Groningen, Haarlem, Ijmuiden, Maastricht, Rotterdam, Terneuzen, Utrecht, Vlissingen |
| **Netherlands Antilles** | Kralendijk, Philipsburg, Willemstad |
| **New Caledonia** | Mueo, Noumea, Thio |
| **New Zealand** | Auckland, Christchurch, Dunedin, Tauranga, Wellington |
| **Nicaragua** | Bluefields, Corinto, El Bluff, Puerto Cabezas, Puerto Sandino, Rama, San Juan del Sur |
| **Niger** | none |
| **Nigeria** | Calabar, Lagos, Onne, Port Harcourt, Sapele, Warri |
| **Niue** | none; offshore anchorage only |
| **Norfolk Island** | none; loading jetties at Kingston and Cascade |
| **Northern Mariana Islands** | Saipan, Tinian |
| **Norway** | Bergen, Drammen, Floro, Hammerfest, Harstad, Haugesund, Kristiansand, Larvik, Narvik, Oslo, Porsgrunn, Stavanger, Tromso, Trondheim |
| **Oman** | Matrah, Mina' al Fahl, Mina' Raysut |
| **Pacific Ocean** | Bangkok (Thailand), Hong Kong, Kao-hsiung (Taiwan), Los Angeles (US), Manila (Philippines), Pusan (South Korea), San Francisco (US), Seattle (US), Shanghai (China), Singapore, Sydney (Australia), Vladivostok (Russia), Wellington (NZ), Yokohama (Japan) |
| **Pakistan** | Karachi, Port Muhammad bin Qasim |
| **Palau** | Koror |
| **Palmyra Atoll** | West Lagoon |
| **Panama** | Balboa, Cristobal, Coco Solo, Manzanillo (part of Colon area), Vacamonte |
| **Papua New Guinea** | Kieta, Lae, Madang, Port Moresby, Rabaul |
| **Paracel Islands** | small Chinese port facilities on Woody Island and Duncan Island being expanded |
| **Paraguay** | Asuncion, Villeta, San Antonio, Encarnacion |
| **Peru** | Callao, Chimbote, Ilo, Matarani, Paita, Puerto Maldonado, Salaverry, San Martin, Talara, Iquitos, Pucallpa, Yurimaguas |
| | *note:* Iquitos, Pucallpa, and Yurimaguas are all on the upper reaches of the Amazon and its tributaries |
| **Philippines** | Batangas, Cagayan de Oro, Cebu, Davao, Guimaras Island, Iligan, Iloilo, Jolo, Legaspi, Manila, Masao, Puerto Princesa, San Fernando, Subic Bay, Zamboanga |
| **Pitcairn Islands** | Adamstown (on Bounty Bay) |
| **Poland** | Gdansk, Gdynia, Gliwice, Kolobrzeg, Szczecin, Swinoujscie, Ustka, Warsaw, Wroclaw |
| **Portugal** | Aveiro, Funchal (Madeira Islands), Horta (Azores), Leixoes, Lisbon, Porto, Ponta Delgada (Azores), Praia da Vitoria (Azores), Setubal, Viana do Castelo |
| **Puerto Rico** | Guanica, Guayanilla, Guayama, Playa de Ponce, San Juan |
| **Qatar** | Doha, Halul Island, Umm Sa'id (Musay'id) |
| **Reunion** | Le Port, Pointe des Galets |
| **Romania** | Braila, Constanta, Galati, Mangalia, Sulina, Tulcea |
| **Russia** | Aleksandrovsk-Sakhalinsky, Arkhangel'sk, Astrakhan', De-Kastri, Indigirskiy, Kaliningrad, Kandalaksha, Kazan', Khabarovsk, Kholmsk, Krasnoyarsk, Lazarev, Mago, Mezen', Moscow, Murmansk, Nakhodka, Nevel'sk, Novorossiysk, Onega, Petropavlovsk-Kamchatskiy, Rostov, Shakhtersk, Saint Petersburg, Sochi, Taganrog, Tuapse, Uglegorsk, Vanino, Vladivostok, Volgograd, Vostochnyy, Vyborg |
| **Rwanda** | Cyangugu, Gisenyi, Kibuye |
| **Saint Helena** | Georgetown (on Ascension), Jamestown |
| **Saint Kitts and Nevis** | Basseterre, Charlestown |
| **Saint Lucia** | Castries, Vieux Fort |
| **Saint Pierre and Miquelon** | Saint Pierre |
| **Saint Vincent and the Grenadines** | Kingstown |
| **Samoa** | Apia, Asau, Mulifanua, Salelologa |
| **San Marino** | none |
| **Sao Tome and Principe** | Santo Antonio, Sao Tome |
| **Saudi Arabia** | Ad Dammam, Al Jubayl, Duba, Jiddah, Jizan, Rabigh, Ra's al Khafji, Mishab, Ras Tanura, Yanbu' al Bahr, Madinat Yanbu' al Sinaiyah |
| **Senegal** | Dakar, Kaolack, Matam, Podor, Richard Toll, Saint-Louis, Ziguinchor |
| **Serbia and Montenegro** | Bar, Belgrade, Kotor, Novi Sad, Pancevo, Tivat, Zelenika |
| **Seychelles** | Victoria |
| **Sierra Leone** | Bonthe, Freetown, Pepel |
| **Singapore** | Singapore |
| **Slovakia** | Bratislava, Komarno |
| **Slovenia** | Izola, Koper, Piran |
| **Solomon Islands** | Aola Bay, Honiara, Lofung, Noro, Viru Harbor, Yandina |
| **Somalia** | Boosaaso, Berbera, Chisimayu (Kismaayo), Merca, Mogadishu |
| **South Africa** | Cape Town, Durban, East London, Mossel Bay, Port Elizabeth, Richards Bay, Saldanha |
| **South Georgia and the South Sandwich Islands** | Grytviken |
| **Southern Ocean** | McMurdo, Palmer, and offshore anchorages in Antarctica |
| | *note:* few ports or harbors exist on the southern side of the Southern Ocean; ice conditions limit use of most of them to short periods in midsummer; even then some cannot be entered without icebreaker escort; most antarctic ports are operated by government research stations and, except in an emergency, are not open to commercial or private vessels; vessels in any port south of 60 degrees south are subject to inspection by Antarctic Treaty observers (see Article 7) |
| **Spain** | Aviles, Barcelona, Bilbao, Cadiz, Cartagena, Castellon de la Plana, Ceuta, Huelva, La Coruna, Las Palmas (Canary Islands), Malaga, Melilla, Pasajes, Gijon, Santa Cruz de Tenerife (Canary Islands), Santander, Tarragona, Valencia, Vigo |
| **Spratly Islands** | none; offshore anchorage only |
| **Sri Lanka** | Colombo, Galle, Jaffna, Trincomalee |
| **Sudan** | Juba, Khartoum, Kusti, Malakal, Nimule, Port Sudan, Sawakin |
| **Suriname** | Albina, Moengo, New Nickerie, Paramaribo, Paranam, Wageningen |
| **Svalbard** | Barentsburg, Longyearbyen, Ny-Alesund, Pyramiden |
| **Swaziland** | none |
| **Sweden** | Gavle, Goteborg, Halmstad, Helsingborg, Hudiksvall, Kalmar, Karlshamn, Lulea, Malmo, Solvesborg, Stockholm, Sundsvall |
| **Switzerland** | Basel |
| **Syria** | Baniyas, Jablah, Latakia, Tartus |
| **Taiwan** | Chi-lung (Keelung), Hua-lien, Kao-hsiung, Su-ao, T'ai-chung |
| **Tajikistan** | none |
| **Tanzania** | Bukoba, Dar es Salaam, Kigoma, Kilwa Masoko, Lindi, Mtwara, Mwanza, Pangani, Tanga, Wete, Zanzibar |
| **Thailand** | Bangkok, Laem Chabang, Pattani, Phuket, Sattahip, Si Racha, Songkhla |
| **Togo** | Kpeme, Lome |
| **Tokelau** | none; offshore anchorage only |
| **Tonga** | Neiafu, Nuku'alofa, Pangai |
| **Trinidad and Tobago** | Pointe-a-Pierre, Point Fortin, Point Lisas, Port-of-Spain, Scarborough, Tembladora |
| **Tromelin Island** | none; offshore anchorage only |
| **Tunisia** | Bizerte, Gabes, La Goulette, Sfax, Sousse, Tunis, Zarzis |
| **Turkey** | Gemlik, Hopa, Iskenderun, Istanbul, Izmir, Kocaeli (Izmit), Icel (Mersin), Samsun, Trabzon |
| **Turkmenistan** | Turkmenbasy |
| **Turks and Caicos Islands** | Grand Turk, Providenciales |
| **Tuvalu** | Funafuti, Nukufetau |
| **Uganda** | Entebbe, Jinja, Port Bell |
| **Ukraine** | Berdyans'k, Feodosiya, Illichivs'k, Izmayil, Kerch, Kherson, Kiev (Kyyiv), Kiliya, Mariupol', Mykolayiv, Odesa, Reni, Sevastopol', Yalta, Yuzhnyy |
| **United Arab Emirates** | 'Ajman, Al Fujayrah, Das Island, Khawr Fakkan, Mina' Jabal 'Ali, Mina' Khalid, Mina' Rashid, Mina' Saqr, Mina' Zayid, Umm al Qaywayn |
| **United Kingdom** | Aberdeen, Belfast, Bristol, Cardiff, Dover, Falmouth, Felixstowe, Glasgow, Grangemouth, Hull, Leith, Liverpool, London, Manchester, Peterhead, Plymouth, Portsmouth, Scapa Flow, Southampton, Sullom Voe, Teesport, Tyne |
| **United States** | Anchorage, Baltimore, Boston, Charleston, Chicago, Duluth, Hampton Roads, Honolulu, Houston, Jacksonville, Los Angeles, New Orleans, New York, Philadelphia, Port Canaveral, Portland (Oregon), Prudhoe Bay, San Francisco, Savannah, Seattle, Tampa, Toledo |
| **Uruguay** | Colonia, Fray Bentos, Juan La Caze, La Paloma, Montevideo, Nueva Palmira, Paysandu, Punta del Este, Piriapolis |
| **Uzbekistan** | Termiz (Amu Darya) |
| **Vanuatu** | Forari, Port-Vila, Santo (Espiritu Santo) |
| **Venezuela** | Amuay, Bajo Grande, El Tablazo, La Guaira, La Salina, Maracaibo, Matanzas, Palua, Puerto Cabello, Puerto la Cruz, Puerto Ordaz, Puerto Sucre, Punta Cardon |
| **Vietnam** | Cam Ranh, Da Nang, Haiphong, Ho Chi Minh City, Ha Long, Quy Nhon, Nha Trang, Vinh, Vung Tau |
| **Virgin Islands** | Charlotte Amalie, Christiansted, Cruz Bay, Port Alucroix |
| **Wake Island** | none; two offshore anchorages for large ships |
| **Wallis and Futuna** | Leava, Mata-Utu |
| **West Bank** | none |
| **Western Sahara** | Ad Dakhla, Cabo Bojador, Laayoune (El Aaiun) |
| **World** | Chiba, Houston, Kawasaki, Kobe, Marseille, Mina' al Ahmadi (Kuwait), New Orleans, New York, Rotterdam, Yokohama |
| **Yemen** | Aden, Al Hudaydah, Al Mukalla, As Salif, Ras Issa, Mocha, Nishtun |
| **Zambia** | Mpulungu |
| **Zimbabwe** | Binga, Kariba |

This page was last updated on 19 March 2003
 
