FIELD LISTING :: DIPLOMATIC REPRESENTATION FROM THE US

| Country | DIPLOMATIC REPRESENTATION FROM THE US |
| --- | --- |
| **Afghanistan** | *chief of mission:* Ambassador P. Michael MCKINLEY (since 22 December 2014) |
| | *embassy:* Bibi Mahru, Kabul |
| | *mailing address:* U.S. Embassy Kabul, APO, AE 09806 |
| | *telephone:* [00 93] 0700 108 001 |
| | *FAX:* [00 93] 0700 108 564 |
| **Akrotiri** | none (overseas territory of the UK) |
| **Albania** | *chief of mission:* Ambassador Donald LU (since 13 January 2015) |
| | *embassy:* Rruga e Elbasanit, 103, Tirana |
| | *mailing address:* US Department of State, 9510 Tirana Place, Dulles, VA 20189-9510 |
| | *telephone:* [355] (4) 2247-285 |
| | *FAX:* [355] (4) 2232-222 |
| **Algeria** | *chief of mission:* Ambassador Joan A. POLASCHIK (since 22 September 2014) |
| | *embassy:* 05 Chemin Cheikh Bachir, El Ibrahimi, El-Biar 16030 Algiers |
| | *mailing address:* B. P. 408, Alger-Gare, 16030 Algiers |
| | *telephone:* [213] (0) 770-08-2000 |
| | *FAX:* [213] (0) 770-08-2064 |
| **American Samoa** | none (territory of the US) |
| **Andorra** | the US does not have an embassy in Andorra; the US ambassador to Spain is accredited to Andorra; US interests in Andorra are represented by the US Consulate General's office in Barcelona (Spain); mailing address: Paseo Reina Elisenda de Montcada, 23, 08034 Barcelona, Spain; telephone: [34] (93) 280-2227; FAX: [34] (93) 280-6175 |
| **Angola** | *chief of mission:* Ambassador Helen Meagher LA LIME (15 May 2014) |
| | *embassy:* number 32 Rua Houari Boumedienne (in the Miramar area of Luanda), Luanda |
| | *mailing address:* international mail: Caixa Postal 6468, Luanda; pouch: US Embassy Luanda, US Department of State, 2550 Luanda Place, Washington, DC 20521-2550 |
| | *telephone:* [244] 946440977 |
| | *FAX:* [244] (222) 64-1000 |
| **Anguilla** | none (overseas territory of the UK) |
| **Antigua and Barbuda** | the US does not have an embassy in Antigua and Barbuda; the US Ambassador to Barbados is accredited to Antigua and Barbuda |
| **Argentina** | *chief of mission:* Ambassador Noah Bryson MAMET (since 16 January 2015) |
| | *embassy:* Avenida Colombia 4300, C1425GMN Buenos Aires |
| | *mailing address:* international mail: use embassy street address; APO address: US Embassy Buenos Aires, Unit 4334, APO AA 34034 |
| | *telephone:* [54] (11) 5777-4533 |
| | *FAX:* [54] (11) 5777-4240 |
| **Armenia** | *chief of mission:* Ambassador Richard MILLS (since 13 February 2015) |
| | *embassy:* 1 American Ave., Yerevan 0082 |
| | *mailing address:* American Embassy Yerevan, US Department of State, 7020 Yerevan Place, Washington, DC 20521-7020 |
| | *telephone:* [374](10) 464-700 |
| | *FAX:* [374](10) 464-742 |
| **Aruba** | the US does not have an embassy in Aruba; the Consul General to Curacao is accredited to Aruba |
| **Ashmore and Cartier Islands** | none (territory of Australia) |
| **Australia** | *chief of mission:* Ambassador Morrell John BERRY (since 25 September 2013) |
| | *embassy:* Moonah Place, Yarralumla, Canberra, Australian Capital Territory 2600 |
| | *mailing address:* APO AP 96549 |
| | *telephone:* [61] (02) 6214-5600 |
| | *FAX:* [61] (02) 6214-5970 |
| | *consulate(s) general:* Melbourne, Perth, Sydney |
| **Austria** | *chief of mission:* Ambassador Alexa Lange WESNER (since 22 October 2013) |
| | *embassy:* Boltzmanngasse 16, A-1090, Vienna |
| | *mailing address:* use embassy street address |
| | *telephone:* [43] (1) 31339-0 |
| | *FAX:* [43] (1) 3100682 |
| **Azerbaijan** | *chief of mission:* Ambassador Robert CEKUTA (since 16 February 2015) |
| | *embassy:* 111 Azadlig Prospekti, Baku AZ1007 |
| | *mailing address:* American Embassy Baku, US Department of State, 7050 Baku Place, Washington, DC 20521-7050 |
| | *telephone:* [994] (12) 488-3300 |
| | *FAX:* [994] (12) 488-3320 |
| **Bahamas, The** | *chief of mission:* Ambassador (vacant); Charge d' Affaires Lisa A. JOHNSON (since 9 July 2014 |
| | *embassy:* 42 Queen Street, Nassau, New Providence |
| | *mailing address:* local or express mail address: P. O. Box N-8197, Nassau; US Department of State, 3370 Nassau Place, Washington, DC 20521-3370 |
| | *telephone:* [1] (242) 322-1181, 328-2206 (after hours) |
| | *FAX:* [1] (242) 356-7174 |
| **Bahrain** | *chief of mission:* Ambassador William V. ROEBUCK (since 12 December 2014) |
| | *mailing address:* PSC 451, Box 660, FPO AE 09834-5100; international mail: American Embassy, Box 26431, Manama |
| | *telephone:* [973] 1724-2700 |
| | *FAX:* [973] 1727-0547 |
| | *embassy:* Building |
| **Bangladesh** | *chief of mission:* Ambassador Marcia BERNICAT (since 12 January 2015) |
| | *embassy:* Madani Avenue, Baridhara, Dhaka 1212 |
| | *mailing address:* G. P. O. Box 323, Dhaka 1000 |
| | *telephone:* [880] (2) 5566-2000 |
| | *FAX:* [880] (2) 5566-2915 |
| **Barbados** | *chief of mission:* Ambassador Linda S. TAGLIALATELA (since 1 February 2016) note - also accredited to Antigua and Barbuda, Dominica, Grenada, Saint Kitts and Nevis, Saint Lucia, and Saint Vincent and the Grenadines |
| | *embassy:* U.S. Embassy Road, Bridgetown 14006, Barbados |
| | *mailing address:* P. O. Box 302, Bridgetown BB 11000; (Department Name) Unit 3120, DPO AA 34055 |
| | *telephone:* [1] (246) 227-4000 |
| | *FAX:* [1] (246) 431-0179 |
| **Belarus** | *chief of mission:* Ambassador (vacant; left in 2008 upon insistence of Belarusian Government); Charge d'Affaires Robert RILEY (since 22 August 2016) |
| | *embassy:* 46 Starovilenskaya Street, Minsk 220002 |
| | *mailing address:* Unit 7010 Box 100, DPO AE 09769 |
| | *telephone:* [375] (17) 210-12-83 |
| | *FAX:* [375] (17) 334-7853 |
| **Belgium** | *chief of mission:* Ambassador Denise Campbell BAUER (since 26 September 2013) |
| | *embassy:* 27 Boulevard du Regent [Regentlaan], B-1000 Brussels |
| | *mailing address:* PSC 82, Box 002, APO AE 09710 |
| | *telephone:* [32] (2) 811-4000 |
| | *FAX:* [32] (2) 811-4500 |
| **Belize** | *chief of mission:* Ambassador Carlos Roberto MORENO (since 24 June 2014) |
| | *embassy:* Floral Park Road, Belmopan City, Cayo District |
| | *mailing address:* P.O. Box 497, Belmopan City, Cayo District, Belize |
| | *telephone:* [501] 822-4011 |
| | *FAX:* [501] 822-4012 |
| **Benin** | *chief of mission:* Ambassador Lucy TAMLYN (since 8 November 2015) |
| | *embassy:* Caporal Bernard Anani, 01 BP 2012, Cotonou |
| | *mailing address:* 01 B. P. 2012, Cotonou |
| | *telephone:* [229] 21-30-06-50 |
| | *FAX:* [229] 21-30-03-84 |
| **Bermuda** | *chief of mission:* Consul General Robert SETTJE (since August 2012) |
| | *consulate(s) general:* Crown Hill, 16 Middle Road, Devonshire DVO3 |
| | *mailing address:* P. O. Box HM325, Hamilton HMBX; American Consulate General Hamilton, US Department of State, 5300 Hamilton Place, Washington, DC 20520-5300 |
| | *telephone:* [1] (441) 295-1342 |
| | *FAX:* [1] (441) 295-1592, 296-9233 |
| **Bhutan** | the US and Bhutan have no formal diplomatic relations, although frequent informal contact is maintained via the US embassy in New Delhi (India) and Bhutan's Permanent Mission to the UN |
| **Bolivia** | *chief of mission:* Ambassador (vacant); Charge d'Affaires Peter Brennan (since June 2014 |
| | *embassy:* Avenida Arce 2780, Casilla 425, La Paz |
| | *mailing address:* P. O. Box 425, La Paz; APO AA 34032 |
| | *telephone:* [591] (2) 216-8000 |
| | *FAX:* [591] (2) 216-8111 |
| | *note:* in September 2008, the Bolivian Government expelled the US Ambassador to Bolivia, and the countries have yet to reinstate ambassadors |
| **Bosnia and Herzegovina** | *chief of mission:* Ambassador Maureen CORMACK (since 16 January 2015) |
| | *embassy:* 1 Roberta C. Frasurea Street, 71000 Sarajevo |
| | *mailing address:* use embassy street address |
| | *telephone:* [387] (33) 704-000 |
| | *FAX:* [387] (33) 659-722 |
| | *branch office(s):* Banja Luka, Mostar |
| **Botswana** | *chief of mission:* Ambassador Earl R. MILLER (since 30 January 2015) |
| | *embassy:* Embassy Drive, Government Enclave (off Khama Crescent), Gaborone |
| | *mailing address:* Embassy Enclave, P. O. Box 90, Gaborone |
| | *telephone:* [267] 395-3982 |
| | *FAX:* [267] 318-0232 |
| **Brazil** | *chief of mission:* Ambassador Liliana AYALDE (since 31 October 2013) |
| | *embassy:* Avenida das Nacoes, Quadra 801, Lote 3, Distrito Federal Cep 70403-900, Brasilia |
| | *mailing address:* Unit 7500, DPO, AA 34030 |
| | *telephone:* [55] (61) 3312-7000 |
| | *FAX:* [55] (61) 3225-9136 |
| | *consulate(s) general:* Recife, Rio de Janeiro, Sao Paulo |
| **British Indian Ocean Territory** | none (overseas territory of the UK) |
| **British Virgin Islands** | none (overseas territory of the UK) |
| **Brunei** | *chief of mission:* Ambassador Craig B. ALLEN (since 9 March 2015) |
| | *embassy:* Simpang 336-52-16-9, Jalan Datu, Bandar Seri Begawan, BC4115 |
| | *mailing address:* Unit 4280, Box 40, FPO AP 96507; P.O. Box 2991, Bandar Seri Begawan BS8675, Negara Brunei Darussalam |
| | *telephone:* [673] 238-4616 |
| | *FAX:* [673] 238-4604 |
| **Bulgaria** | *chief of mission:* Ambassador Eric RUBIN (since February 2016) |
| | *embassy:* 16 Kozyak Street, Sofia 1407 |
| | *mailing address:* American Embassy Sofia, US Department of State, 5740 Sofia Place, Washington, DC 20521-5740 |
| | *telephone:* [359] (2) 937-5100 |
| | *FAX:* [359] (2) 937-5320 |
| **Burkina Faso** | *chief of mission:* Ambassador Andrew YOUNG (since September 2016) |
| | *embassy:* Rue 15.873, Avenue Sembene Ousmane, Ouaga 2000, Secteur 15 |
| | *mailing address:* 01 B. P. 35, Ouagadougou 01; pouch mail - US Department of State, 2440 Ouagadougou Place, Washington, DC 20521-2440 |
| | *telephone:* [226] 25-49-53-00 |
| | *FAX:* [226] 25-49-56-28 |
| **Burma** | *chief of mission:* Ambassador Scot MARCIEL (since 27 April 2016) |
| | *embassy:* 110 University Avenue, Kamayut Township, Rangoon |
| | *mailing address:* Box B, APO AP 96546 |
| | *telephone:* [95] (1) 536-509, 535-756, 538-038 |
| | *FAX:* [95] (1) 650-480 |
| **Burundi** | *chief of mission:* Ambassador Anne S. CASPER (since 2016) |
| | *embassy:* Avenue Des Etats-Unis, Bujumbura |
| | *mailing address:* B.P. 1720, Bujumbura |
| | *telephone:* [257] 22-207-000 |
| | *FAX:* [257] 22-222-926 |
| **Cabo Verde** | *chief of mission:* Ambassador Donald L. HEFLIN (since 29 January 2015) |
| | *embassy:* Rua Abilio Macedo 6, Praia |
| | *mailing address:* C. P. 201, Praia |
| | *telephone:* [238] 2-60-89-00 |
| | *FAX:* [238] 2-61-13-55 |
| **Cambodia** | *chief of mission:* Ambassador William A. HEIDT (since 2 December 2015) |
| | *embassy:* |
| | *mailing address:* Unit 8166, Box P, APO AP 96546 |
| | *telephone:* [855] (23) 728-000 |
| | *FAX:* [855] (23) 728-600 |
| **Cameroon** | *chief of mission:* Ambassador Michael Stephen HOZA (since 19 September 2014) |
| | *embassy:* Avenue Rosa Parks, Yaounde |
| | *mailing address:* P.O. Box 817, Yaounde; pouch: American Embassy, US Department of State, Washington, DC 20521-2520 |
| | *telephone:* [237] 22220 1500; Consular: [237] 22220 1603 |
| | *FAX:* [237] 22220 1500 Ext. 4531; Consular FAX: [237] 22220 1752 |
| | *branch office(s):* Douala |
| **Canada** | *chief of mission:* Ambassador Bruce A. HEYMAN (since 8 April 2014) |
| | *embassy:* 490 Sussex Drive, Ottawa, Ontario K1N 1G8 |
| | *mailing address:* P. O. Box 5000, Ogdensburg, NY 13669-0430; P.O. Box 866, Station B, Ottawa, Ontario K1P 5T1 |
| | *telephone:* [1] (613) 688-5335 |
| | *FAX:* [1] (613) 688-3082 |
| | *consulate(s) general:* Calgary, Halifax, Montreal, Quebec City, Toronto, Vancouver |
| **Cayman Islands** | none (overseas territory of the UK); consular services provided through the US Embassy in Jamaica |
| **Central African Republic** | *chief of mission:* Ambassador Jeffrey HAWKINS (30 October 2015) |
| | *embassy:* Avenue David Dacko, Bangui |
| | *mailing address:* P.O. Box 924, Bangui |
| | *telephone:* [236] 21 61 0200 |
| | *FAX:* [236] 21 61 4494 |
| | *note:* embassy operations suspended in December 2012; resumed limited operations on 15 Septermber 2014 |
| **Chad** | *chief of mission:* Ambassador Geeta PASI (since September 2016) |
| | *embassy:* Avenue Felix Eboue, N'Djamena |
| | *mailing address:* B. P. 413, N'Djamena |
| | *telephone:* [235] 2251-70-09 |
| | *FAX:* [235] 2251-56-54 |
| **Chile** | *chief of mission:* Ambassador Michael HAMMER (since April 2014) |
| | *embassy:* Avenida Andres Bello 2800, Las Condes, Santiago |
| | *mailing address:* APO AA 34033 |
| | *telephone:* [56] (2) 2330-3000 |
| | *FAX:* [56] (2) 2330-3710, 2330-3160 |
| **China** | *chief of mission:* Ambassador Max Sieben BAUCUS (since 18 March 2014) |
| | *embassy:* 55 An Jia Lou Lu, 100600 Beijing |
| | *mailing address:* PSC 461, Box 50, FPO AP 96521-0002 |
| | *telephone:* [86] (10) 8531-3000 |
| | *FAX:* [86] (10) 8531-3300 |
| | *consulate(s) general:* Chengdu, Guangzhou, Shanghai, Shenyang, Wuhan |
| **Christmas Island** | none (territory of Australia) |
| **Cocos (Keeling) Islands** | none (territory of Australia) |
| **Colombia** | *chief of mission:* Ambassador Kevin WHITAKER (since 11 June 2014) |
| | *embassy:* Calle 24 Bis No. 48-50, Bogota, D.C. |
| | *mailing address:* Carrera 45 No. 24B-27, Bogota, D.C. |
| | *telephone:* [57] (1) 275-2000 |
| | *FAX:* [57] (1) 275-4600 |
| **Comoros** | the US does not have an embassy in Comoros; the US Ambassador to Madagascar is accredited to Comoros |
| **Congo, Democratic Republic of the** | *chief of mission:* Ambassador James C. SWAN (since 6 August 2013) |
| | *embassy:* 310 Avenue des Aviateurs, Kinshasa, Gombe |
| | *mailing address:* Unit 2220, DPO AE 09828 |
| | *telephone:* [243] (081) 556-0151 |
| | *FAX:* [243] (081) 556-0175 |
| **Congo, Republic of the** | *chief of mission:* Ambassador Stephanie S. SULLIVAN (since 12 August 2013) |
| | *embassy:* 70-83 Section D, Maya-Maya Boulevard, Brazzaville |
| | *mailing address:* B.P. 1015, Brazzaville |
| | *telephone:* [242] 06 612-2000 |
| **Cook Islands** | none (self-governing in free association with New Zealand) |
| **Coral Sea Islands** | none (territory of Australia) |
| **Costa Rica** | *chief of mission:* Ambassador Stafford Fitzgerald HANEY (since 30 June 2015) |
| | *embassy:* Calle 98 Via 104, Pavas, San Jose |
| | *mailing address:* APO AA 34020 |
| | *telephone:* [506] 2519-2000 |
| | *FAX:* [506] 2519-2305 |
| **Cote d'Ivoire** | *chief of mission:* Charge d'Affaires Andrew Haviland (since 2016); Ambassador Terence Patrick MCCULLEY retired in 2016 |
| | *embassy:* Cocody Riviera Golf 01, Abidjan |
| | *mailing address:* B. P. 1712, Abidjan 01 |
| | *telephone:* [225] 22 49 40 00 |
| | *FAX:* [225] 22 49 42 02 |
| **Croatia** | *chief of mission:* Ambassador Julieta Valls NOYES (since 5 October 2015) |
| | *embassy:* 2 Thomas Jefferson Street, 10010 Zagreb |
| | *mailing address:* use embassy street address |
| | *telephone:* [385] (1) 661-2200 |
| | *FAX:* [385] (1) 661-2373 |
| **Cuba** | *chief of mission:* Ambassador (vacant); Charge d'Affaires Jeffrey DELAURENTIS (since 20 July 2015) |
| | *embassy:* Calzada between L & M Streets, Vedado, Havana |
| | *mailing address:* use embassy street address |
| | *telephone:* [53] (7) 839-4100 |
| | *FAX:* NA |
| **Curacao** | *chief of mission:* Consul General James R. Moore (since June 2013); note - also accredited to Aruba and Sint Martin |
| | *consulate(s) general:* J. B. Gorsiraweg |
| | *mailing address:* P. O. Box 158, Willemstad, Curacao |
| | *telephone:* [599] (9) 4613066 |
| | *FAX:* [599] (9) 4616489 |
| **Cyprus** | *chief of mission:* Ambassador Kathleen Ann DOHERTY (since 7 October 2015) |
| | *embassy:* corner of Metochiou and Ploutarchou Streets, 2407 Engomi, Nicosia |
| | *mailing address:* P. O. Box 24536, 1385 Nicosia |
| | *telephone:* [357] (22) 393939 |
| | *FAX:* [357] (22) 780944 |
| **Czechia** | *chief of mission:* Ambassador Andrew H. SCHAPIRO (since 30 September 2014) |
| | *embassy:* Trziste 15, 118 01 Prague 1 - Mala Strana |
| | *mailing address:* use embassy street address |
| | *telephone:* [420] 257 022 000 |
| | *FAX:* [420] 257 022 809 |
| **Denmark** | *chief of mission:* Ambassador Rufus GIFFORD (since 13 September 2013) |
| | *embassy:* Dag Hammarskjolds Alle 24, 2100 Copenhagen 0 |
| | *mailing address:* Unit 5280, DPO, AE 09716 |
| | *telephone:* [45] 33 41 71 00 |
| | *FAX:* [45] 35 43 02 23 |
| **Dhekelia** | none (overseas territory of the UK) |
| **Djibouti** | *chief of mission:* Ambassador Thomas P. KELLY (since 13 October 2014) |
| | *embassy:* Lot 350-B, Haramouss |
| | *mailing address:* B.P. 185, Djibouti |
| | *telephone:* [253] 21 45 30 00 |
| | *FAX:* [253] 21 45 31 29 |
| **Dominica** | the US does not have an embassy in Dominica; the US Ambassador to Barbados is accredited to Dominica |
| **Dominican Republic** | *chief of mission:* Ambassador James Walter BREWSTER, Jr. (since 9 December 2013) |
| | *mailing address:* Unit 5500, APO AA 34041-5500 |
| | *telephone:* [1] (809) 567-7775 |
| | *FAX:* [1] (809) 686-7437 |
| | *embassy:* Av. Republica de Colombia |
| **Ecuador** | *chief of mission:* Ambassador Todd CHAPMAN (since 14 April 2016) |
| | *embassy:* Avenida Avigiras E12-170 y Avenida Eloy Alfaro, Quito |
| | *mailing address:* Avenida Guayacanes N52-205 y Avenida Avigiras |
| | *telephone:* [593] (2) 398-5000 |
| | *FAX:* [593] (2) 398-5100 |
| | *consulate(s) general:* Guayaquil |
| **Egypt** | *chief of mission:* Ambassador R. Stephen BEECROFT (since 18 December 2014) |
| | *embassy:* 5 Tawfik Diab St., Garden City, Cairo |
| | *mailing address:* Unit 64900, Box 15, APO AE 09839-4900; 5 Tawfik Diab Street, Garden City, Cairo |
| | *telephone:* [20] (2) 2797-3300 |
| | *FAX:* [20] (2) 2797-3200 |
| **El Salvador** | *chief of mission:* Ambassador Jean MANES (since January 2016) |
| | *embassy:* Final Boulevard Santa Elena Sur, Antiguo Cuscatlan, La Libertad, San Salvador |
| | *mailing address:* Unit 3450, APO AA 34023; 3450 San Salvador Place, Washington, DC 20521-3450 |
| | *telephone:* [503] 2501-2999 |
| | *FAX:* [503] 2501-2150 |
| **Equatorial Guinea** | *chief of mission:* Ambassador Julie FURUTA-TOY (since January 2016) |
| | *embassy:* Carretera Malabo II, Malabo, Guinea Ecuatorial |
| | *mailing address:* US Embassy Malabo, US Department of State, Washington, DC 20521-2520 |
| | *telephone:* [240] 333 09 57 41 |
| **Eritrea** | *chief of mission:* Ambassador (vacant); Charge d'Affaires Natalie E. BROWN (since September 2016) |
| | *embassy:* 179 Ala Street, Asmara |
| | *mailing address:* P.O. Box 211, Asmara |
| | *telephone:* [291] (1) 120004 |
| | *FAX:* [291] (1) 127584 |
| **Estonia** | *chief of mission:* Ambassador James D. MELVILLE Jr. (since 8 December 2015) |
| | *embassy:* Kentmanni 20, 15099 Tallinn |
| | *mailing address:* use embassy street address |
| | *telephone:* [372] 668-8100 |
| | *FAX:* [372] 668-8134 |
| **Ethiopia** | *chief of mission:* Ambassador (vacant); Charge d'Affaires Peter H. VROOMAN (since 2015) |
| | *embassy:* Entoto Street, Addis Ababa |
| | *mailing address:* P.O. Box 1014, Addis Ababa |
| | *telephone:* [251] 11 130-6000 |
| | *FAX:* 124-2401 [251] 11 124 2401 |
| **European Union** | *chief of mission:* Ambassador Anthony Luzzatto GARDNER (since 18 March 2014) |
| | *embassy:* 13 Zinnerstraat/Rue Zinner, B-1000 Brussels |
| | *mailing address:* use embassy street address |
| | *telephone:* [32] (2) 811-4100 |
| | *FAX:* [32] (2) 811-5154 |
| **Falkland Islands (Islas Malvinas)** | none (overseas territory of the UK; also claimed by Argentina) |
| **Faroe Islands** | none (self-governing overseas administrative division of Denmark) |
| **Fiji** | *chief of mission:* Ambassador Judith CEFKIN (since 3 February 2015); note - also accredited to Kiribati, Nauru, Tonga, and Tuvalu |
| | *embassy:* 158 Princes Rd, Tamavua |
| | *mailing address:* P. O. Box 218, Suva |
| | *telephone:* [679] 331-4466 |
| | *FAX:* [679] 330-8685 |
| **Finland** | *chief of mission:* Ambassador Charles C. ADAMS, Jr. (since 3 August 2015) |
| | *embassy:* Itainen Puistotie 14B, 00140 Helsinki |
| | *mailing address:* APO AE 09723 |
| | *telephone:* [358] (9) 616250 |
| | *FAX:* [358] (9) 6162 5800 |
| **France** | *chief of mission:* Ambassador Jane D. HARTLEY (since 5 November 2014); note - also accredited to Monaco |
| | *embassy:* 2 Avenue Gabriel, 75382 Paris Cedex 08 |
| | *mailing address:* PSC 116, APO AE 09777 |
| | *telephone:* [33] (1) 43-12-22-22 |
| | *FAX:* [33] (1) 42 66 97 83 |
| | *consulate(s) general:* Marseille, Strasbourg |
| **French Polynesia** | none (overseas lands of France) |
| **French Southern and Antarctic Lands** | none (overseas territory of France) |
| **Gabon** | *chief of mission:* Ambassador Cythia AKUETTEH (since 13 August 2014); note - also accredited to Sao Tome and Principe |
| | *embassy:* Boulevard du Bord de Mer, Libreville |
| | *mailing address:* Centre Ville, B. P. 4000, Libreville; pouch: 2270 Libreville Place, Washington, DC 20521-2270 |
| | *telephone:* [241] 01-45-71-00 |
| | *FAX:* [241] 01-74-55-07 |
| **Gambia, The** | *chief of mission:* Ambassador C. Patricia ALSUP (since 11 January 2016) |
| | *embassy:* Kairaba Avenue, Fajara, Banjul |
| | *mailing address:* P.M.B. 19, Banjul |
| | *telephone:* [220] 439-2856 |
| | *FAX:* [220] 439-2475 |
| **Georgia** | *chief of mission:* Ambassador Ian C. KELLY (since 17 September 2015) |
| | *embassy:* 11 George Balanchine Street, T'bilisi 0131 |
| | *mailing address:* 7060 T'bilisi Place, Washington, DC 20521-7060 |
| | *telephone:* [995] (32) 227-70-00 |
| | *FAX:* [995] (32) 253-23-10 |
| **Germany** | *chief of mission:* Ambassador John B. EMERSON (since 26 August 2013) |
| | *embassy:* Pariser Platz 2 |
| | *mailing address:* Clayallee 170, 14191 Berlin |
| | *telephone:* [49] (30) 8305-0 |
| | *FAX:* [49] (30) 8305-1215 |
| | *consulate(s) general:* Duesseldorf, Frankfurt am Main, Hamburg, Leipzig, Munich |
| **Ghana** | *chief of mission:* Ambassador Robert P. JACKSON (since 4 February 2016) |
| | *embassy:* 24 Fourth Circular Rd., Cantonments, Accra |
| | *mailing address:* P.O. Box 194, Accra |
| | *telephone:* [233] 030-274-1000 |
| | *FAX:* [233] 030-274-1389 |
| **Gibraltar** | none (overseas territory of the UK) |
| **Greece** | *chief of mission:* Ambassador Geoffrey R. PYATT (since 24 October 2016) |
| | *embassy:* 91 Vasillisis Sophias Avenue, 10160 Athens |
| | *mailing address:* PSC 108, APO AE 09842-0108 |
| | *telephone:* [30] (210) 721-2951 |
| | *FAX:* [30] (210) 645-6282 |
| | *consulate(s) general:* Thessaloniki (2012) |
| **Greenland** | none (self-governing overseas administrative division of Denmark); note - the US embassy in Copenhagen has an office devoted to Greenland |
| **Grenada** | *chief of mission:* the US does not have an embassy in Grenada; the US Ambassador to Barbados is accredited to Grenada |
| | *embassy:* Lance-aux-Epines Stretch, Saint George's |
| | *mailing address:* P. O. Box 54, Saint George's |
| | *telephone:* [1] (473) 444-1173 through 1176 |
| | *FAX:* [1] (473) 444-4820 |
| **Guam** | none (territory of the US) |
| **Guatemala** | *chief of mission:* Ambassador Todd D. ROBINSON (since 10 October 2014) |
| | *embassy:* 7-01 Avenida Reforma, Zone 10, Guatemala City |
| | *mailing address:* DPO AA 34024 |
| | *telephone:* [502] 2326-4000 |
| | *FAX:* [502] 2326-4654 |
| **Guernsey** | none (British crown dependency) |
| **Guinea-Bissau** | the US Embassy suspended operations on 14 June 1998 in the midst of violent conflict between forces loyal to then President VIEIRA and a military-led junta; the US Ambassador to Senegal, currently Ambassador James P. ZUMWALT, is accredited to Guinea-Bissau |
| **Guinea** | *chief of mission:* Ambassador Dennis B. HANKINS (since December 2015) |
| | *embassy:* Koloma, Conakry, east of Hamdallaye Circle |
| | *mailing address:* P.O. Box 603, Transversale No. 2, Centre Administratif de Koloma, Commune de Ratoma, Conakry |
| | *telephone:* [224] 65-10-40-00 |
| | *FAX:* [224] 65-10-42-97 |
| **Guyana** | *chief of mission:* Ambassador Perry L. HOLLOWAY (since 2 October 2015) |
| | *embassy:* US Embassy, 100 Young and Duke Streets, Kingston, Georgetown |
| | *mailing address:* P. O. Box 10507, Georgetown; US Embassy, 3170 Georgetown Place, Washington DC 20521-3170 |
| | *telephone:* [592] 225-4900 through 4909 |
| | *FAX:* [592] 225-8497 |
| **Haiti** | *chief of mission:* Ambassador Peter MULREAN (since 6 October 2015) |
| | *embassy:* Tabarre 41, Route de Tabarre, Port-au-Prince |
| | *mailing address:* (in Haiti) P.O. Box 1634, Port-au-Prince, Haiti; (from abroad) 3400 Port-au-Prince, State Department, Washington, DC 20521-3400 |
| | *telephone:* [509] 2229-8000 |
| | *FAX:* [509] 229-8028 |
| **Heard Island and McDonald Islands** | none (territory of Australia) |
| **Holy See (Vatican City)** | *chief of mission:* Ambassador Kenneth Francis HACKETT (since 21 October 2013) |
| | *embassy:* American Embassy to the Holy See, Via Sallustiana, 49, 00187 Rome, Italy |
| | *mailing address:* Unit 5660, Box 66, DPO AE 09624-0066 |
| | *telephone:* [39] (06) 4674-3428 |
| | *FAX:* [39] (06) 575-8346 |
| **Honduras** | *chief of mission:* Ambassador James D. NEALON (since 21 August 2014) |
| | *embassy:* Avenida La Paz, Apartado Postal No. 3453, Tegucigalpa |
| | *mailing address:* American Embassy, APO AA 34022, Tegucigalpa |
| | *telephone:* [504] 2236-9320, 2238-5114 |
| | *FAX:* [504] 2236-9037 |
| **Hong Kong** | *chief of mission:* Consul General Kurt W. TONG (since 27 August 2016); note - also accredited to Macau |
| | *consulate(s) general:* 26 Garden Road, Hong Kong |
| | *mailing address:* Unit 8000, Box 1, DPO AP 96521-0006 |
| | *telephone:* [852] 2523-9011 |
| | *FAX:* [852] 2845-1598 |
| **Hungary** | *chief of mission:* Ambassador Colleen Bradley BELL (since 21 January 2015) |
| | *embassy:* Szabadsag ter 12, H-1054 Budapest |
| | *mailing address:* pouch: American Embassy Budapest, 5270 Budapest Place, US Department of State, Washington, DC 20521-5270 |
| | *telephone:* [36] (1) 475-4400 |
| | *FAX:* [36] (1) 475-4764 |
| **Iceland** | *chief of mission:* Ambassador Robert C. BARBER (since 23 January 2015) |
| | *embassy:* Laufasvegur 21, 101 Reykjavik |
| | *mailing address:* US Department of State, 5640 Reykjavik Place, Washington, D.C. 20521-5640 |
| | *telephone:* [354] 595-22-00 |
| | *FAX:* [354] 562-9118 |
| **India** | *chief of mission:* Ambassador Richard Rahul VERMA (since 16 January 2015) |
| | *embassy:* Shantipath, Chanakyapuri, New Delhi 110021 |
| | *mailing address:* use embassy street address |
| | *telephone:* [91] (11) 2419-8000 |
| | *FAX:* [91] (11) 2419-0017 |
| | *consulate(s) general:* Chennai (Madras), Hyderabad, Kolkata (Calcutta), Mumbai (Bombay) |
| **Indonesia** | *chief of mission:* Ambassador Robert O. BLAKE, Jr. (since 30 January 2014) |
| | *embassy:* Jalan Medan Merdeka Selatan 3-5, Jakarta 10110 |
| | *mailing address:* Unit 8129, Box 1, FPO AP 96520 |
| | *telephone:* [62] (21) 3435-9000 |
| | *FAX:* [62] (21) 386-2259 |
| | *consulate general:* Surabaya |
| | *consulate:* Medan |
| | *consular agency:* Bali |
| **Iran** | none; note - the US Interests Section is located in the Embassy of Switzerland No. 39 Shahid Mousavi (Golestan 5th), Pasdaran Ave., Tehran, Iran; telephone [98] 21 2254 2178/2256 5273; FAX [98] 21 2258 0432 |
| **Iraq** | *chief of mission:* Ambassador Douglas A. SILLIMAN (since 1 September 2016) |
| | *embassy:* Al-Kindi Street, International Zone, Baghdad |
| | *mailing address:* APO AE 09316 |
| | *telephone:* 0760-030-3000 |
| | *FAX:* NA |
| **Ireland** | *chief of mission:* Ambassador Kevin F. O'MALLEY (since 8 October 2014) |
| | *embassy:* 42 Elgin Road, Ballsbridge, Dublin 4 |
| | *mailing address:* use embassy street address |
| | *telephone:* [353] (1) 668-8777 |
| | *FAX:* [353] (1) 668-9946 |
| **Isle of Man** | none (British Crown dependency) |
| **Israel** | *chief of mission:* Ambassador Daniel B. SHAPIRO (since 29 September 2011) |
| | *embassy:* 71 Hayarkon Street, Tel Aviv 6343229 |
| | *telephone:* [972] (3) 519-7475 |
| | *FAX:* [972] (3) 516-4390 |
| | *consulate(s) general:* |
| **Italy** | *chief of mission:* Ambassador John R. PHILLIPS (since 3 October 2013); note - also accredited to San Marino |
| | *embassy:* Via Vittorio Veneto 121, 00187-Rome |
| | *mailing address:* PSC 59, Box 100, APO AE 09624 |
| | *telephone:* [39] (06) 46741 |
| | *FAX:* [39] (06) 4674-2244 |
| | *consulate(s) general:* Florence, Milan, Naples |
| | *consular agency(ies):* Anchorage (AK), Charleston (SC), Worcester (MA) |
| **Jamaica** | *chief of mission:* Ambassador Luis G. MORENO (since 13 January 2015) |
| | *embassy:* 142 Old Hope Road, Kingston 6 |
| | *mailing address:* P.O. Box 541, Kingston 5 |
| | *telephone:* [1] (876) 702-6000 |
| | *FAX:* [1] (876) 702-6348 |
| **Japan** | *chief of mission:* Ambassador Caroline Bouvier KENNEDY (since 19 November 2013) |
| | *embassy:* 1-10-5 Akasaka, Minato-ku, Tokyo 107-8420 |
| | *mailing address:* Unit 9800, Box 300, APO AP 96303-0300 |
| | *telephone:* [81] (03) 3224-5000 |
| | *FAX:* [81] (03) 3505-1862 |
| | *consulate(s) general:* Naha (Okinawa), Osaka-Kobe, Sapporo |
| | *consulate(s):* Fukuoka, Nagoya |
| **Jersey** | none (British Crown dependency) |
| **Jordan** | *chief of mission:* Ambassador Alice G. WELLS (since 31 August 2014) |
| | *embassy:* Abdoun, Al-Umawyeen St., Amman |
| | *mailing address:* P. O. Box 354, Amman 11118 Jordan; Unit 70200, Box 5, DPO AE 09892-0200 |
| | *telephone:* [962] (6) 590-6000 |
| | *FAX:* [962] (6) 592-0163 |
| **Kazakhstan** | *chief of mission:* Ambassador George KROL (since 18 March 2015) |
| | *embassy:* Rakhymzhan Koshkarbayev Ave. No 3, Astana 010010 |
| | *mailing address:* use embassy street address |
| | *telephone:* [7] (7172) 70-21-00 |
| | *FAX:* [7] (7172) 54-09-14 |
| | *Consulate(s) General:* Almaty |
| **Kenya** | *chief of mission:* Ambassador Robert F. GODEC (since 16 January 2013) |
| | *embassy:* United Nations Avenue, Nairobi; P.O. Box 606 Village Market, Nairobi 00621 |
| | *mailing address:* American Embassy Nairobi, U.S. Department of State, Washington, DC 20521-8900 |
| | *telephone:* [254] (20) 363-6000 |
| | *FAX:* [254] (20) 363-6157 |
| **Kiribati** | the US does not have an embassy in Kiribati; the US Ambassador to Fiji is accredited to Kiribati |
| **Korea, North** | none; note - Swedish Embassy in Pyongyang represents the US as consular protecting power |
| **Korea, South** | *chief of mission:* Ambassador Mark William LIPPERT (since 21 November 2014) |
| | *embassy:* 188 Sejong-daero, Jongno-gu, Seoul 110-710 |
| | *telephone:* [82] (2) 397-4114 |
| | *FAX:* [82] (2) 725-0152 |
| | *mailing address:* US Embassy Seoul, Unit |
| **Kosovo** | *chief of mission:* Ambassador Gregory T. DELAWIE (since 21 August 2015) |
| | *embassy:* Arberia/Dragodan, Nazim Hikmet 30, Pristina, Kosovo |
| | *mailing address:* use embassy street address |
| | *telephone:* [381] 38 59 59 3000 |
| | *FAX:* [381] 38 549 890 |
| **Kuwait** | *chief of mission:* Ambassador Lawrence R. SILVERMAN (since 19 September 2016) |
| | *embassy:* Bayan 36302, Block 13, Al-Masjed Al-Aqsa Street (near the Bayan palace), Kuwait City |
| | *mailing address:* P. O. Box 77 Safat 13001 Kuwait; or PSC 1280 APO AE 09880-9000 |
| | *telephone:* [965] 2259-1001 |
| | *FAX:* [965] 2538-6562 |
| **Kyrgyzstan** | *chief of mission:* Ambassador Sheila GWALTNEY (14 October 2015) |
| | *embassy:* 171 Prospect Mira, Bishkek 720016 |
| | *mailing address:* use embassy street address |
| | *telephone:* [996] (312) 551-241, (517) 777-217 |
| | *FAX:* [996] (312) 551-264 |
| **Laos** | *chief of mission:* Ambassador David A. CLUNE (since 16 September 2013) |
| | *embassy:* Thadeua Road, Kilometer 9, Ban Somvang Tai, Hatsayfong District, Vientiane |
| | *mailing address:* American Embassy Vientiane, Unit 8165, APO AP 96546 |
| | *telephone:* [856] 21-48-7000 |
| | *FAX:* [856] 21-48-7190 |
| **Latvia** | *chief of mission:* Ambassador Nancy Bikoff PETTIT (since 8 September 2015) |
| | *embassy:* 1 Samnera Velsa St, Riga LV-1510 |
| | *mailing address:* Embassy of the United States of America, 1 Samnera Velsa St, Riga, LV-1510, Latvia |
| | *telephone:* [371] 6710-7000 |
| | *FAX:* [371] 6710-7050 |
| **Lebanon** | *chief of mission:* Ambassador Elizabeth H. RICHARD (since May 2016) |
| | *embassy:* Awkar, Lebanon (Awkar facing the Municipality) |
| | *mailing address:* P. O. Box 70-840, Antelias, Lebanon; from US: US Embassy Beirut, 6070 Beirut Place, Washington, DC 20521-6070 |
| | *telephone:* [961] (4) 542600, 543600 |
| | *FAX:* [961] (4) 544136 |
| **Lesotho** | *chief of mission:* Ambassador Matthew T. HARRINGTON (since October 2014) |
| | *embassy:* 254 Kingsway Road, Maseru West (Consular Section) |
| | *mailing address:* P.O. Box 333, Maseru 100, Lesotho |
| | *telephone:* [266] 22 312 666 |
| | *FAX:* [266] 22 310 116 |
| **Liberia** | *chief of mission:* Ambassador Christine A. ELDER (since 23 June 2016) |
| | *embassy:* U.S. Embassy, 502 Benson Street, Monrovia |
| | *mailing address:* P.O. Box 98, Monrovia |
| | *telephone:* [231] 77-677-7000 |
| | *FAX:* [231] 77-677-7370 |
| **Libya** | *chief of mission:* Ambassador Peter William BODDE (since 21 December 2015) |
| | *note:* the embassy was closed in July 2014 due to major fighting near the embassy related to the Libyan civil war; embassy staff and operations were temporarily moved to Tunis, Tunisia |
| | *embassy:* Sidi Slim Area/Walie Al-Ahed Road, Tripoli |
| | *mailing address:* US Embassy, 8850 Tripoli Place, Washington, DC 20521-8850 |
| | *telephone:* [218] (0) 91-220-3239 |
| **Liechtenstein** | the US does not have an embassy in Liechtenstein; the US Ambassador to Switzerland is accredited to Liechtenstein |
| **Lithuania** | *chief of mission:* Ambassador Deborah A. MCCARTHY (since 5 February 2013) |
| | *embassy:* Akmenu gatve 6, Vilnius, LT-03106 |
| | *mailing address:* American Embassy, Akmenu Gatve 6, Vilnius LT-03106 |
| | *telephone:* [370] (5) 266-5500 |
| | *FAX:* [370] (5) 266-5510 |
| **Luxembourg** | *US chief of mission:* Ambassador David MCKEAN (since 14 April 2016) |
| | *embassy:* 22 Boulevard Emmanuel Servais, L-2535 Luxembourg City |
| | *mailing address:* American Embassy Luxembourg, Unit 1410, APO AE 09126-1410 (official mail); American Embassy Luxembourg, PSC 9, Box 9500, APO AE 09123 (personal mail) |
| | *telephone:* [352] 46-01-23 |
| | *FAX:* [352] 46-14-01 |
| **Macau** | the US has no offices in Macau; US Consulate General in Hong Kong is accredited to Macau |
| **Macedonia** | *chief of mission:* Ambassador Jess L. BAILY (since 12 February 2015) |
| | *embassy:* Str. Samolilova, Nr. 21, 1000 Skopje |
| | *mailing address:* American Embassy Skopje, US Department of State, 7120 Skopje Place, Washington, DC 20521-7120 (pouch) |
| | *telephone:* [389] (2) 310-2000 |
| | *FAX:* [389] (2) 310-2499 |
| **Madagascar** | *chief of mission:* Ambassador Robert T. YAMATE (since 13 January 2015); note - also accredited to Comoros |
| | *embassy:* Lot 207A, Point Liberty, Andranoro, Antehiroka, 105 Antananarivo |
| | *mailing address:* B.P. 620, Antsahavola, Antananarivo |
| | *telephone:* [261] (23) 480 00 |
| | *FAX:* [261] 20 23 480 35 or [261] 33 44 328 17 |
| **Malawi** | *chief of mission:* Ambassador Virginia E. PALMER (since 5 February 2015) |
| | *embassy:* 16 Jomo Kenyatta Road, Lilongwe 3 |
| | *mailing address:* P.O. Box 30016, Lilongwe 3, Malawi |
| | *telephone:* [265] (1) 773-166 |
| | *FAX:* [265] (1) 770-471 |
| **Malaysia** | *chief of mission:* Ambassador Joseph Y. YUN (since 2 October 2013) |
| | *embassy:* 376 Jalan Tun Razak, 50400 Kuala Lumpur |
| | *mailing address:* US Embassy Kuala Lumpur, APO AP 96535-8152 |
| | *telephone:* [60] (3) 2168-5000 |
| | *FAX:* [60] (3) 2142-2207 |
| **Maldives** | the US does not have an embassy in Maldives; the US Ambassador to Sri Lanka is accredited to Maldives and makes periodic visits |
| **Mali** | *chief of mission:* Ambassador Paul A. FOLMSBEE (since 2015) |
| | *embassy:* located just off the Roi Bin Fahad Aziz Bridge just west of the Bamako central district |
| | *mailing address:* ACI 2000, Rue 243, Porte 297, Bamako |
| | *telephone:* [223] 2070-2300 |
| | *FAX:* [223] 2070-2479 |
| **Malta** | *chief of mission:* Ambassador G. Kathleen HILL (since 25 February 2016) |
| | *embassy:* Ta' Qali National Park, Attard, ATD 4000 |
| | *mailing address:* 5800 Valletta Place, Dulles, VA 20189 |
| | *telephone:* [356] 2561 4000 |
| | *FAX:* [356] 2124 3229 |
| **Marshall Islands** | *chief of mission:* Ambassador Thomas H. ARMBRUSTER (since 16 August 2012) |
| | *embassy:* Oceanside, Mejen Weto, Long Island, Majuro |
| | *mailing address:* P. O. Box 1379, Majuro, Republic of the Marshall Islands 96960-1379 |
| | *telephone:* [692] 247-4011 |
| | *FAX:* [692] 247-4012 |
| **Mauritania** | *chief of mission:* Ambassador Larry Edward ANDRE, Jr. (since 25 September 2014) |
| | *embassy:* 288, rue 42-100 (rue Abdallaye), Nouakchott |
| | *mailing address:* B.P. 222, Nouakchott |
| | *telephone:* [222] 4525-2660 or [222] 2660-2663 |
| | *FAX:* [222] 4525-1592 |
| **Mauritius** | *chief of mission:* Ambassador (vacant); Charge d'Affaires Melanie ZIMMERMAN (since 2016); note - also accredited to Seychelles |
| | *embassy:* 4th Floor, Rogers House, John Kennedy Avenue, Port Louis |
| | *mailing address:* international mail: P.O. Box 544, Port Louis; US mail: American Embassy, Port Louis, US Department of State, Washington, DC 20521-2450 |
| | *telephone:* [230] 202-4400 |
| | *FAX:* [230] 208-9534 |
| **Mexico** | *chief of mission:* Ambassador Roberta JACOBSON (since 20 June 2016) |
| | *embassy:* Paseo de la Reforma 305, Colonia Cuauhtemoc, 06500 Mexico, Distrito Federal |
| | *mailing address:* P. O. Box 9000, Brownsville, TX 78520-9000 |
| | *telephone:* [52] (55) 5080-2000 |
| | *FAX:* [52] (55) 5080-2834 |
| | *consulate(s) general:* Ciudad Juarez, Guadalajara, Hermosillo, Matamoros, Merida, Monterrey, Nogales, Nuevo Laredo, Tijuana |
| **Micronesia, Federated States of** | *chief of mission:* Ambassador Dorothea-Maria (Doria) ROSEN (since 9 August 2012) |
| | *embassy:* 101 Upper Pics Road, Kolonia |
| | *mailing address:* P. O. Box 1286, Kolonia, Pohnpei, 96941; U.S. Embassy in Micronesia, 4120 Kolonia Place, Washington, D.C. 20521-4120 |
| | *telephone:* [691] 320-2187 |
| | *FAX:* [691] 320-2186 |
| **Moldova** | *chief of mission:* Ambassador James D. PETTIT (since 29 January 2015) |
| | *embassy:* 103 Mateevici Street, Chisinau MD-2009 |
| | *mailing address:* use embassy street address |
| | *telephone:* [373] (22) 40-8300 |
| | *FAX:* [373] (22) 23-3044 |
| **Monaco** | the US does not have an embassy in Monaco; the US Ambassador to France is accredited to Monaco; the US Consul General in Marseille (France), under the authority of the US ambassador to France, handles diplomatic and consular matters concerning Monaco |
| **Mongolia** | *chief of mission:* Ambassador Jennifer Zimdahl GALT (since 5 October 2015) |
| | *embassy:* Denver Street |
| | *mailing address:* PSC 461, Box 300, FPO AP 96521-0002; P.O. Box 341, Ulaanbaatar-14192 |
| | *telephone:* [976] 7007-6001 |
| | *FAX:* [976] 7007-6016 |
| **Montenegro** | *chief of mission:* Ambassador Margaret UYEHARA (since 19 February 2015) |
| | *embassy:* Dzona Dzeksona 2, 81000 Podgorica, Montenegro |
| | *mailing address:* use embassy street address |
| | *telephone:* [382] (0) 20 410 500 |
| | *FAX:* [382] (0) 20 241 358 |
| **Montserrat** | none (overseas territory of the UK) |
| **Morocco** | *chief of mission:* Ambassador Dwight L. BUSH, Sr. (since 8 April 2014) |
| | *embassy:* Km 5.7 Avenue Mohammed VI, Souissi, Rabat 10170 |
| | *mailing address:* Unit 9400, Box Front Office, DPO, AE 09718 |
| | *telephone:* [212] 537 637 200 |
| | *FAX:* [212] 537 637 201 |
| | *consulate(s) general:* Casablanca |
| **Mozambique** | *chief of mission:* Ambassador H. Dean PITTMAN (since 18 February 2016) |
| | *embassy:* Avenida Kenneth Kuanda 193, Maputo |
| | *mailing address:* P.O. Box 783, Maputo |
| | *telephone:* [258] (21) 49 2797 |
| | *FAX:* [258] (21) 49 0114 |
| **Namibia** | *chief of mission:* Ambassador Thomas Frederick DAUGHTON (since 6 October 2014) |
| | *embassy:* 14 Lossen Street, Windhoek |
| | *mailing address:* Private Bag 12029 Ausspannplatz, Windhoek |
| | *telephone:* [264] (61) 295-8500 |
| | *FAX:* [264] (61) 295-8603 |
| **Nauru** | the US does not have an embassy in Nauru; the US Ambassador to Fiji is accredited to Nauru |
| **Navassa Island** | none (territory of the US) |
| **Nepal** | *chief of mission:* Ambassador Alaina B. TEPLITZ (since 7 October 2015) |
| | *embassy:* Maharajgunj, Kathmandu |
| | *mailing address:* use embassy street address |
| | *telephone:* [977] (1) 423-4000 |
| | *FAX:* [977] (1) 400-7272 |
| **Netherlands** | *chief of mission:* Ambassador (vacant); Charge d'Affaires Adam H. STERLING (since 12 February 2016) |
| | *embassy:* Lange Voorhout 102, 2514 EJ, The Hague |
| | *mailing address:* PSC 71, Box 1000, APO AE 09715 |
| | *telephone:* [31] (70) 310-2209 |
| | *FAX:* [31] (70) 310-2207 |
| | *consulate(s) general:* Amsterdam |
| **New Caledonia** | none (overseas territory of France) |
| **New Zealand** | *chief of mission:* Ambassador Mark GILBERT (since 9 February 2015) note - also accredited to Samoa |
| | *embassy:* 29 Fitzherbert Terrace, Thorndon, Wellington |
| | *mailing address:* P. O. Box 1190, Wellington; PSC 467, Box 1, APO AP 96531-1034 |
| | *telephone:* [64] (4) 462-6000 |
| | *FAX:* [64] (4) 499-0490 |
| | *consulate(s) general:* Auckland |
| **Nicaragua** | *chief of mission:* Ambassador Phyllis M. POWERS (since 24 April 2012) |
| | *embassy:* Kilometer 5.5 Carretera Sur, Managua |
| | *mailing address:* American Embassy Managua, APO AA 34021 |
| | *telephone:* [505] 2252-7100, 2252-7888; 2252-7634 (after hours) |
| | *FAX:* [505] 2252-7250 |
| **Nigeria** | *chief of mission:* Ambassador Stuart SYMINGTON (since 1 December 2016) |
| | *embassy:* Plot 1075 Diplomatic Drive, Central District Area, Abuja |
| | *mailing address:* P. O. Box 5760, Garki, Abuja |
| | *telephone:* [234] (9) 461-4000 |
| | *FAX:* [234] (9) 461-4171 |
| **Niger** | *chief of mission:* Ambassador Eunice S. REDDICK (since 12 September 2014) |
| | *embassy:* BP 11201, Rue Des Ambassades, Niamey |
| | *mailing address:* 2420 Niamey Place, Washington DC 20521-2420 |
| | *telephone:* [227] 20-73-31-69 or [227] 20-72-39-41 |
| | *FAX:* [227] 20-73-55-60 |
| **Niue** | none (self-governing territory in free association with New Zealand) |
| **Norfolk Island** | none (territory of Australia) |
| **Norway** | *chief of mission:* Ambassador Samuel HEINS (since 10 March 2016) |
| | *embassy:* Henrik Ibsens gate 48, 0244 Oslo; note - the embassy will move to Huseby in the near future |
| | *mailing address:* PSC 69, Box 1000, APO AE 09707 |
| | *telephone:* [47] 21-30-85-40 |
| | *FAX:* [47] 22-44-33-63, 22-56-27-51 |
| **Oman** | *chief of mission:* Ambassador Marc J. SIEVERS (since 7 January 2016) |
| | *embassy:* Jamait Ad Duwal Al Arabiyya Street, Al Khuwair area, Muscat |
| | *mailing address:* P.O. Box 202, P.C. 115, Madinat Al Sultan Qaboos, Muscat |
| | *telephone:* [968] 24-643-400 |
| | *FAX:* [968] 24-643-740 |
| **Pakistan** | *chief of mission:* Ambassador David M. HALE (since 3 December 2015) |
| | *embassy:* Diplomatic Enclave, Ramna 5, Islamabad |
| | *mailing address:* 8100 Islamabad Place, Washington, DC 20521-8100 |
| | *telephone:* [92] (51) 208-0000/[92] (51) 201-4000 |
| | *FAX:* [92] (51) 233-8071 |
| | *consulate(s) general:* Karachi |
| | *consulate(s):* Lahore, Peshawar |
| **Palau** | *chief of mission:* Ambassador Helen P. REED-ROWE (since 27 September 2013) |
| | *embassy:* Koror (no street address) |
| | *mailing address:* P. O. Box 6028, Koror, Republic of Palau 96940 |
| | *telephone:* [680] 587-2920 |
| | *FAX:* [680] 587-2911 |
| **Panama** | *chief of mission:* Ambassador John D. FEELEY (since 15 February 2015) |
| | *embassy:* Edificio 783, Avenida Demetrio Basilio Lakas Panama, Apartado Postal 0816-02561, Zona 5, Panama City |
| | *mailing address:* American Embassy Panama, Unit 0945, APO AA 34002; American Embassy Panama, 9100 Panama City PL, Washington, DC 20521-9100 |
| | *telephone:* [507] 317-5000 |
| | *FAX:* [507] 317-5568 |
| **Papua New Guinea** | *chief of mission:* Ambassador Catherine EBERT-GRAY (since 23 February 2016); note - also accredited to the Solomon Islands and Vanuatu |
| | *embassy:* Douglas Street, Port Moresby, N.C.D. |
| | *mailing address:* 4240 Port Moresby Place, US Department of State, Washington DC 20521-4240 |
| | *telephone:* [675] 321-1455 |
| | *FAX:* [675] 321-3423 |
| **Paraguay** | *chief of mission:* Ambassador Leslie A. BASSETT (since 15 January 2015) |
| | *embassy:* 1776 Avenida Mariscal Lopez, Casilla Postal 402, Asuncion |
| | *mailing address:* Unit 4711, DPO AA 34036-0001 |
| | *telephone:* [595] (21) 213-715 |
| | *FAX:* [595] (21) 213-728 |
| **Peru** | *chief of mission:* Ambassador Brian A. NICHOLS (since 30 June 2014) |
| | *embassy:* Avenida La Encalada, Cuadra 17 s/n, Surco, Lima 33 |
| | *mailing address:* P. O. Box 1995, Lima 1; American Embassy (Lima), APO AA 34031-5000 |
| | *telephone:* [51] (1) 618-2000 |
| | *FAX:* [51] (1) 618-2397 |
| **Philippines** | *chief of mission:* Ambassador Sung KIM (since 6 December 2016) |
| | *embassy:* 1201 Roxas Boulevard, Manila 1000 |
| | *mailing address:* PSC 500, FPO AP 96515-1000 |
| | *telephone:* [63] (2) 301-2000 |
| | *FAX:* [63] (2) 301-2017 |
| **Pitcairn Islands** | none (overseas territory of the UK) |
| **Poland** | *chief of mission:* Ambassador Paul JONES (since 7 October 2015) |
| | *embassy:* Aleje Ujazdowskie 29/31 00-540 Warsaw |
| | *mailing address:* American Embassy Warsaw, US Department of State, Washington, DC 20521-5010 (pouch) |
| | *telephone:* [48] (22) 504-2000 |
| | *FAX:* [48] (22) 504-2688 |
| | *consulate(s) general:* Krakow |
| **Portugal** | *chief of mission:* Ambassador Robert A. SHERMAN (since 30 May 2014) |
| | *embassy:* Avenida das Forcas Armadas, 1600-081 Lisbon |
| | *mailing address:* Apartado 43033, 1601-301 Lisboa; PSC 83, APO AE 09726 |
| | *telephone:* [351] (21) 727-3300 |
| | *FAX:* [351] (21) 726-9109 |
| | *consulate(s):* Ponta Delgada (Azores) |
| **Puerto Rico** | none (territory of the US with commonwealth status) |
| **Qatar** | *chief of mission:* Ambassador Dana Shell SMITH (since 8 September 2014) |
| | *embassy:* 22 February Road, Al Luqta District, Doha |
| | *mailing address:* P. O. Box 2399, Doha |
| | *telephone:* [974] 4496-6000 |
| | *FAX:* [974] 4488-4298 |
| **Romania** | *chief of mission:* Ambassador Hans G. KLEMM (since 21 September 2015) |
| | *embassy:* Bulevardul Dr. Liviu Librescu 4-6, District 1, Bucharest, 015118 |
| | *mailing address:* American Embassy Bucharest, US Department of State, 5260 Bucharest Place, Washington, DC 20521-5260 (pouch) |
| | *telephone:* [40] (21) 200-3300 |
| | *FAX:* [40] (21) 200-3442 |
| **Russia** | *chief of mission:* Ambassador John Francis TEFFT (since 19 November 2014) |
| | *embassy:* Bolshoy Deviatinskiy Pereulok No. 8, 121099 Moscow |
| | *mailing address:* PSC-77, APO AE 09721 |
| | *telephone:* [7] (495) 728-5000 |
| | *FAX:* [7] (495) 728-5090 |
| | *consulate(s) general:* Saint Petersburg, Vladivostok, Yekaterinburg |
| **Rwanda** | *chief of mission:* Ambassador Erica BARKS-RUGGLES (since 26 January 2015) |
| | *embassy:* 2657 Avenue de la Gendarmerie, Kigali |
| | *mailing address:* B.P. 28, Kigali |
| | *telephone:* [250] 252 596-400 |
| | *FAX:* [250] 252 580 325 |
| **Saint Barthelemy** | none (overseas collectivity of France) |
| **Saint Helena, Ascension, and Tristan da Cunha** | none (overseas territory of the UK) |
| **Saint Kitts and Nevis** | the US does not have an embassy in Saint Kitts and Nevis; the US Ambassador to Barbados is accredited to Saint Kitts and Nevis |
| **Saint Lucia** | the US does not have an embassy in Saint Lucia; the US Ambassador to Barbados is accredited to Saint Lucia |
| **Saint Martin** | none (overseas collectivity of France) |
| **Saint Pierre and Miquelon** | none (territorial overseas collectivity of France) |
| **Saint Vincent and the Grenadines** | the US does not have an embassy in Saint Vincent and the Grenadines; the US Ambassador to Barbados is accredited to Saint Vincent and the Grenadines |
| **Samoa** | *chief of mission:* the US does not have an embassy in Samoa; the US Ambassador to New Zealand is accredited to Samoa |
| | *embassy:* Accident Corporation Building, 5th Floor, Matafele, Apia |
| | *mailing address:* P. O. Box 3430, Matafele, Apia |
| | *telephone:* [685] 21436/21631/21452/22696 |
| | *FAX:* [685] 22030 |
| **San Marino** | the US does not have an embassy in San Marino; the US Ambassador to Italy is accredited to San Marino |
| **Sao Tome and Principe** | the US does not have an embassy in Sao Tome and Principe; the US Ambassador to Gabon is accredited to Sao Tome and Principe on a nonresident basis and makes periodic visits to the islands |
| **Saudi Arabia** | *chief of mission:* Ambassador Joseph William WESTPHAL (since 26 March 2014) |
| | *embassy:* Collector Road M, Diplomatic Quarter, Riyadh |
| | *mailing address:* American Embassy, Unit 61307, APO AE 09803-1307; International Mail: P. O. Box 94309, Riyadh 11693 |
| | *telephone:* [966] (11) 488-3800 |
| | *FAX:* [966] (11) 488-7360 |
| | *consulate(s) general:* Dhahran, Jiddah (Jeddah) |
| **Senegal** | *chief of mission:* Ambassador James P. ZUMWALT (since 9 January 2015); note - also accredited to Guinea-Bissau |
| | *embassy:* Route des Almadies, Dakar |
| | *mailing address:* B.P. 49, Dakar |
| | *telephone:* [221] 33-879-4000 |
| | *FAX:* [221] 33-822-2991 |
| **Serbia** | *chief of mission:* Ambassador Kyle SCOTT (since 4 February 2016) |
| | *embassy:* 92 Bulevar kneza Aleksandra Karadjordjevica, 11040 Belgrade, Serbia |
| | *mailing address:* 5070 Belgrade Place, Washington, DC 20521-5070 |
| | *telephone:* [381] (11) 706-4000 |
| | *FAX:* [381] (11) 706-4005 |
| **Seychelles** | the US does not have an embassy in Seychelles; the US Ambassador to Mauritius is accredited to Seychelles |
| **Sierra Leone** | *chief of mission:* Ambassador John HOOVER (since 4 November 4 December 2014)) |
| | *embassy:* Southridge-Hill Station, Freetown |
| | *mailing address:* use embassy street address |
| | *telephone:* [232] (76) 99 1055 00 |
| | *FAX:* [232] (76) 515 355 |
| **Singapore** | *chief of mission:* Ambassador Kirk W. WAGAR (since 25 September 2013) |
| | *embassy:* 27 Napier Road, Singapore 258508 |
| | *mailing address:* FPO AP 96507-0001 |
| | *telephone:* [65] 6476-9100 |
| | *FAX:* [65] 6476-9340 |
| **Sint Maarten** | the US does not have an embassy in Sint Maarten; the Consul General to Curacao is accredited to Sint Maarten |
| **Slovakia** | *chief of mission:* Charge dAffaires J. Liam WASLEY (since September 2015) |
| | *embassy:* Hviezdoslavovo Namestie 4, 81102 Bratislava |
| | *mailing address:* P.O. Box 309, 814 99 Bratislava |
| | *telephone:* [421] (2) 5443-3338 |
| | *FAX:* [421] (2) 5441-8861 |
| **Slovenia** | *chief of mission:* Ambassador Brent Robert HARTLEY (since 12 February 2015) |
| | *embassy:* Presernova 31, 1000 Ljubljana |
| | *mailing address:* American Embassy Ljubljana, US Department of State, 7140 Ljubljana Place, Washington, DC 20521-7140 |
| | *telephone:* [386] (1) 200-5500 |
| | *FAX:* [386] (1) 200-5555 |
| **Solomon Islands** | the US does not have an embassy in the Solomon Islands; the US Ambassador to Papua New Guinea is accredited to the Solomon Islands |
| **Somalia** | the US Mission to Somalia, operating out of the US Embassy in Nairobi, Kenya, is headed by Ambassador Stephen M. SCHWARTZ (since 9 August 2016) |
| **South Africa** | *chief of mission:* Ambassador Patrick Hubert GASPARD (since 16 October 2013) |
| | *embassy:* 877 Pretorius Street, Arcadia, Pretoria |
| | *mailing address:* P.O. Box 9536, Pretoria 0001 |
| | *telephone:* [27] (12) 431-4000 |
| | *FAX:* [27] (12) 342-2299 |
| | *consulate(s) general:* Cape Town, Durban, Johannesburg |
| **South Georgia and South Sandwich Islands** | none (overseas territory of the UK, also claimed by Argentina) |
| **South Sudan** | *chief of mission:* Ambassador Mary Catherine PHEE (since July 2015) |
| | *embassy:* Kololo Road adjacent to the EU's compound, Juba |
| | *telephone:* [211] (0) 912-105-188 |
| **Spain** | *chief of mission:* Ambassador James COSTOS (since 24 September 2013); note - also accredited to Andorra |
| | *embassy:* Serrano 75, 28006 Madrid |
| | *mailing address:* PSC 61, APO AE 09642 |
| | *telephone:* [34] (91) 587-2200 |
| | *FAX:* [34] (91) 587-2303 |
| | *consulate(s) general:* Barcelona |
| **Sri Lanka** | *chief of mission:* Ambassador Atul KESHAP (since 21 August 2015); note - also accredited to Maldives |
| | *embassy:* 210 Galle Road, Colombo 3 |
| | *mailing address:* P. O. Box 106, Colombo |
| | *telephone:* [94] (11) 249-8500 |
| | *FAX:* [94] (11) 243-7345 |
| **Sudan** | *chief of mission:* Ambassador (vacant); Charge d'Affaires Steven KOUTSIS (since 2016) |
| | *embassy:* Sharia Ali Abdul Latif Street, Khartoum |
| | *mailing address:* P.O. Box 699, Kilo 10, Soba, Khartoum; APO AE 09829 |
| | *telephone:* [249] (187)-0-(22000) |
| | *FAX:* [249] (183) 774-137 |
| **Suriname** | *chief of mission:* Ambassador Jay N. ANANIA (since 1 October 2012) |
| | *embassy:* Dr. Sophie Redmondstraat 129, Paramaribo |
| | *mailing address:* US Department of State, PO Box 1821, Paramaribo |
| | *telephone:* [597] 472-900 |
| | *FAX:* [597] 410-972 |
| **Swaziland** | *chief of mission:* Ambassador Lisa PETERSON (since January 2016) |
| | *embassy:* corner of MR 103 and Cultural Center Drive, Ezulwini |
| | *mailing address:* P.O. Box D202, The Gables, H106 |
| | *telephone:* [268] 2417-9000 |
| | *FAX:* [268] 2416-3344 |
| **Sweden** | *chief of mission:* Ambassador Azita RAJI (since 15 March 2016) |
| | *embassy:* Dag Hammarskjolds Vag 31, SE-11589 Stockholm |
| | *mailing address:* American Embassy Stockholm, US Department of State, 5750 Stockholm Place, Washington, DC 20521-5750 |
| | *telephone:* [46] (08) 783 53 00 |
| | *FAX:* [46] (08) 661 19 64 |
| **Switzerland** | *chief of mission:* Ambassador Suzan G. LEVINE (since 2 June 2014); note - also accredited to Liechtenstein |
| | *embassy:* Sulgeneckstrasse 19, CH-3007 Bern |
| | *mailing address:* use embassy street address |
| | *telephone:* [41] (031) 357-70-11 |
| | *FAX:* [41] (031) 357-73-44 |
| **Syria** | *chief of mission:* ambassador (vacant); US Special Envoy for Syria Michael RATNEY (since 27 July 2015); note - on 6 February 2012, the US closed its embassy in Damascus |
| | *embassy:* Abou Roumaneh, 2 Al Mansour Street, Damascus |
| | *mailing address:* P. O. Box 29, Damascus |
| | *telephone:* [963] (11) 3391-4444 |
| | *FAX:* [963] (11) 3391-3999 |
| **Taiwan** | none; commercial and cultural relations with the people on Taiwan are maintained through an unofficial instrumentality, the American Institute in Taiwan (AIT), a private nonprofit corporation that performs citizen and consular services similar to those at diplomatic posts |
| | *telephone:* [1] [886] (02) 2162-2000 |
| | *FAX:* [1] [886] (02) 2162-2251 |
| | *office:* |
| | *other offices:* Kaohsiung (Branch Office) |
| **Tajikistan** | *chief of mission:* Ambassador Elisabeth MILLARD (since 11 March 2016) |
| | *embassy:* 109-A Ismoili Somoni Avenue, Dushanbe 734019 |
| | *mailing address:* 7090 Dushanbe Place, Dulles, VA 20189 |
| | *telephone:* [992] (37) 229-20-00 |
| | *FAX:* [992] (37) 229-20-50 |
| **Tanzania** | *chief of mission:* Ambassador (vacant); Charge d'Affaires Virginia BLASER (since October 2016) |
| | *embassy:* 686 Old Bagamoyo Road, Msasani, Dar es Salaam |
| | *mailing address:* P.O. Box 9123, Dar es Salaam |
| | *telephone:* [255] (22) 229-4000 |
| | *FAX:* [255] (22) 229-4970 or 4971 |
| **Thailand** | *chief of mission:* Ambassador Glyn T. DAVIES (since 27 November 2015) |
| | *embassy:* 120-122 Wireless Road, Bangkok 10330 |
| | *mailing address:* APO AP 96546 |
| | *telephone:* [66] (2) 205-4000 |
| | *FAX:* [66] (2) 254-2990, 205-4131 |
| | *consulate(s) general:* Chiang Mai |
| **Timor-Leste** | *chief of mission:* Ambassador Karen STANTON (since 16 January 2015) |
| | *embassy:* Avenida de Portugal, Praia dos Coqueiros, Dili |
| | *mailing address:* US Department of State, 8250 Dili Place, Washington, DC 20521-8250 |
| | *telephone:* (670) 332-4684 |
| | *FAX:* (670) 331-3206 |
| **Togo** | *chief of mission:* Ambassador David R. GILMORE (since December 2015) |
| | *embassy:* 4332 Blvd. Gnassingbe Eyadema, Cite OUA, Lome |
| | *mailing address:* B.P. 852, Lome; 2300 Lome Place, Washington, DC 20521-2300 |
| | *telephone:* [228] 2261-5470 |
| | *FAX:* [228] 2261-5501 |
| **Tokelau** | none (territory of New Zealand) |
| **Tonga** | the US does not have an embassy in Tonga; the US Ambassador to Fiji is accredited to Tonga |
| **Trinidad and Tobago** | *chief of mission:* Ambassador John L. ESTRADA (since 19 April 2016) |
| | *embassy:* 15 Queen's Park West, Port of Spain |
| | *mailing address:* P. O. Box 752, Port of Spain |
| | *telephone:* [1] (868) 622-6371 through 6376 |
| | *FAX:* [1] (868) 822-5905 |
| **Tunisia** | *chief of mission:* Ambassador Daniel H. RUBINSTEIN (Since 22 October 2015) |
| | *embassy:* Zone Nord-Est des Berges du Lac Nord de Tunis 1053 |
| | *mailing address:* Zone Nord-Est des Berges du Lac Nord de Tunis 1053 |
| | *telephone:* [216] 71 107-000 |
| | *FAX:* [216] 71 963-263 |
| **Turkey** | *chief of mission:* Ambassador John R. BASS (since 20 October 2014) |
| | *embassy:* 110 Ataturk Boulevard, Kavaklidere, 06100 Ankara |
| | *mailing address:* PSC 93, Box 5000, APO AE 09823 |
| | *telephone:* [90] (312) 455-5555 |
| | *FAX:* [90] (312) 467-0019 |
| | *consulate(s) general:* Istanbul |
| | *consulate(s):* Adana |
| **Turkmenistan** | *chief of mission:* Ambassador Allan MUSTARD (since 20 January 2015) |
| | *embassy:* No. 9 1984 Street (formerly Pushkin Street), Ashgabat, Turkmenistan 744000 |
| | *mailing address:* 7070 Ashgabat Place, Washington, DC 20521-7070 |
| | *telephone:* [993] (12) 94-00-45 |
| | *FAX:* [993] (12) 94-26-14 |
| **Turks and Caicos Islands** | none (overseas territory of the UK) |
| **Tuvalu** | the US does not have an embassy in Tuvalu; the US Ambassador to Fiji is accredited to Tuvalu |
| **Uganda** | *chief of mission:* Ambsssador Deborah R. MALAC (since 27 February 2016) |
| | *embassy:* 1577 Ggaba Road, Kampala |
| | *mailing address:* P.O. Box 7007, Kampala |
| | *telephone:* [256] (414) 259 791 through 93, 95 |
| | *FAX:* [256] (414) 259-794 |
| **Ukraine** | *chief of mission:* Ambassador Marie YOVANOVITCH (since 29 August 2016) |
| | *embassy:* 4 Igor Sikorsky Street, 04112 Kyiv |
| | *mailing address:* 5850 Kyiv Place, Washington, DC 20521-5850 |
| | *telephone:* [380] (44) 521-5000 |
| | *FAX:* [380] (44) 521-5155 |
| **United Arab Emirates** | *chief of mission:* Ambassador Barbara A. LEAF (since 30 December 2014) |
| | *embassy:* Embassies District, Plot 38 Sector W59-02, Street No. 4, Abu Dhabi |
| | *mailing address:* P. O. Box 4009, Abu Dhabi |
| | *telephone:* [971] (2) 414-2200 |
| | *FAX:* [971] (2) 414-2603 |
| | *consulate(s) general:* Dubai |
| **United Kingdom** | *chief of mission:* Ambassador Matthew Winthrop BARZUN (since 27 November 2013) |
| | *embassy:* 24 Grosvenor Square, London, W1K 6AH; note - a new embassy is scheduled to open by the end of 2017 in the Nine Elms area of Wandsworth |
| | *mailing address:* PSC 801, Box 40, FPO AE 09498-4040 |
| | *telephone:* [44] (0) 20 7499-9000 |
| | *FAX:* [44] (0) 20 7629-9124 |
| | *consulate(s) general:* Belfast, Edinburgh |
| **United States Pacific Island Wildlife Refuges** | none (territories of the US) |
| **Uruguay** | *chief of mission:* Ambassador (vacant); Charge d'Affaires Brad FREDEN (since 10 December 2014) |
| | *embassy:* Lauro Muller 1776, Montevideo 11200 |
| | *mailing address:* APO AA 34035 |
| | *telephone:* [598] (2) 1770-2000 |
| | *FAX:* [598] (2) 1770-2128 |
| **Uzbekistan** | *chief of mission:* Ambassador Pamela L. SPRATLEN (since 21 January 2015) |
| | *embassy:* 3 Moyqo'rq'on, 5th Block, Yunusobod District, Tashkent 100093 |
| | *mailing address:* use embassy street address |
| | *telephone:* [998] (71) 120-5450 |
| | *FAX:* [998] (71) 120-6335 |
| **Vanuatu** | the US does not have an embassy in Vanuatu; the US Ambassador to Papua New Guinea is accredited to Vanuatu |
| **Venezuela** | *chief of mission:* Ambassador (vacant); Charge d'Affaires Lee MCCLENNY (July 2014) |
| | *embassy:* Calle F con Calle Suapure, Urbanizacion Colinas de Valle Arriba, Caracas 1080 |
| | *mailing address:* P. O. Box 62291, Caracas 1060-A; APO AA 34037 |
| | *telephone:* [58] (212) 975-6411, 907-8400 (after hours) |
| | *FAX:* [58] (212) 907-8199 |
| **Vietnam** | *chief of mission:* Ambassador Ted G. OSIUS III (since 16 December 2014) |
| | *embassy:* Rose Garden Building, 170 Ngoc Khanh St., Hanoi |
| | *mailing address:* 7 Lang Ha Street, Ba Dinh District, Hanoi; 4550 Hanoi Place, Washington, DC 20521-4550 |
| | *telephone:* [84] (4) 3850-5000 |
| | *FAX:* [84] (4) 3850-5010 |
| | *consulate(s) general:* Ho Chi Minh City |
| **Virgin Islands** | none (territory of the US) |
| **Wallis and Futuna** | none (overseas territory of France) |
| **Western Sahara** | none |
| **Yemen** | *note:* US Embassy operations were suspended on 10 February 2015 amid growing violence; in March 2015, a team of US diplomats established the Yemen Affairs Unit in Jeddah, Saudi Arabia |
| | *chief of mission:* Ambassador Matthew H. TUELLER (since 10 June 2014) |
| | *embassy:* Sa'awan Street, Sanaa |
| | *mailing address:* P. O. Box 22347, Sanaa |
| | *telephone:* [967] (1) 755-2000 ext. 2153 or 2266 |
| | *FAX:* [967] (1) 303-182 |
| **Zambia** | *chief of mission:* Ambassador Eric T. SCHULTZ (since 12 December 2014) |
| | *embassy:* Eastern end of Kabulonga Road, Ibex Hill, Lusaka |
| | *mailing address:* P. O. Box 31617, Lusaka |
| | *telephone:* [260] (211) 357-000 |
| | *FAX:* [260] ) (211) 357-224 |
| **Zimbabwe** | *chief of mission:* Ambassador Harry K. THOMAS, Jr. (since 25 February 2016) |
| | *embassy:* 172 Herbert Chitepo Avenue, Harare |
| | *mailing address:* P.O. Box 3340, Harare |
| | *telephone:* [263] (4) 250-593 through 250-594 |
| | *FAX:* [263] (4) 796-488, or 722-618 |
